server_day,indice_71_mundos,mundos_no_dia,negocios_soma,I_BR,I_EU,I_NA
2024-01-13,35608.0,4.0,1628.0,,34973.0,
2024-01-14,,,,,,
2024-01-15,,,,,,
2024-01-16,35628.0,4.0,1456.0,,34566.0,
2024-01-17,35765.0,4.0,1327.0,,34413.0,
2024-01-18,,,,,,
2024-01-19,,,,,,
2024-01-20,36004.0,4.0,1650.0,,34697.0,
2024-01-21,35862.0,4.0,1462.0,,34659.0,
2024-01-22,35850.0,4.0,1400.0,,34739.0,
2024-01-23,36420.0,4.0,1353.0,,35675.0,
2024-01-24,,,,,,
2024-01-25,36161.0,4.0,1342.0,,35372.0,
2024-01-26,,,,,,
2024-01-27,36236.0,4.0,1438.0,,34995.0,
2024-01-28,36878.0,5.0,1935.0,,35557.0,
2024-01-29,36851.0,5.0,1662.0,,35744.0,
2024-01-30,36894.0,5.0,1748.0,,35753.0,
2024-01-31,36741.0,5.0,1754.0,,35584.0,
2024-02-01,37041.0,5.0,1697.0,,35765.0,
2024-02-02,36860.0,5.0,1885.0,,35631.0,
2024-02-03,37077.0,5.0,1940.0,,36354.0,
2024-02-04,36903.0,5.0,1941.0,,36241.0,
2024-02-05,36896.0,5.0,1530.0,,36159.0,
2024-02-06,36567.0,5.0,1518.0,,35902.0,
2024-02-07,37228.0,4.0,1711.0,,36105.0,
2024-02-08,37128.0,8.0,2884.0,,36719.0,37062.0
2024-02-09,37115.0,8.0,3155.0,,36086.0,37616.0
2024-02-10,36804.0,9.0,3048.0,,35921.0,37998.0
2024-02-11,36654.0,9.0,3082.0,,35768.0,37968.0
2024-02-12,36714.0,9.0,3038.0,,35762.0,38008.0
2024-02-13,37046.0,9.0,2938.0,,36076.0,37958.0
2024-02-14,36850.0,9.0,3018.0,,35907.0,38322.0
2024-02-15,36728.0,9.0,3003.0,,35673.0,38245.0
2024-02-16,36635.0,9.0,3233.0,,35375.0,38303.0
2024-02-17,36289.0,9.0,3350.0,,35531.0,38272.0
2024-02-18,36066.0,9.0,3229.0,,35193.0,38415.0
2024-02-19,36066.0,9.0,3140.0,,35176.0,38409.0
2024-02-20,36116.0,9.0,3009.0,,35088.0,38536.0
2024-02-21,36585.0,9.0,2819.0,,35357.0,38461.0
2024-02-22,36343.0,9.0,3221.0,,35117.0,38850.0
2024-02-23,36139.0,9.0,3492.0,,34911.0,38757.0
2024-02-24,36037.0,9.0,3575.0,,35084.0,38054.0
2024-02-25,36186.0,9.0,3517.0,,35355.0,37883.0
2024-02-26,35835.0,9.0,4078.0,,34985.0,37210.0
2024-02-27,36959.0,4.0,1699.0,,,
2024-02-28,35731.0,9.0,3734.0,,34870.0,38331.0
2024-02-29,35517.0,10.0,4992.0,,34755.0,38076.0
2024-03-01,35340.0,5.0,3187.0,,,
2024-03-02,35715.0,8.0,3035.0,,34174.0,37518.0
2024-03-03,35675.0,8.0,5725.0,,33917.0,37813.0
2024-03-04,35660.0,10.0,3468.0,,34425.0,38569.0
2024-03-05,36030.0,10.0,3321.0,,34505.0,38274.0
2024-03-06,35936.0,10.0,3389.0,,34347.0,37607.0
2024-03-07,35652.0,9.0,3957.0,,34325.0,37338.0
2024-03-08,35064.0,10.0,6232.0,,34276.0,36884.0
2024-03-09,35066.0,10.0,6220.0,,33484.0,36191.0
2024-03-10,34691.0,10.0,6009.0,,33109.0,36905.0
2024-03-11,35054.0,10.0,3511.0,,33293.0,37111.0
2024-03-12,35247.0,10.0,3233.0,,33411.0,37218.0
2024-03-13,35792.0,10.0,3131.0,,33554.0,37654.0
2024-03-14,35342.0,10.0,3443.0,,34407.0,37331.0
2024-03-15,35071.0,10.0,3432.0,,34220.0,37572.0
2024-03-16,35078.0,10.0,3485.0,,33966.0,37511.0
2024-03-17,34975.0,10.0,3651.0,,34152.0,37514.0
2024-03-18,34998.0,10.0,3398.0,,34148.0,37573.0
2024-03-19,35042.0,10.0,3227.0,,34363.0,37075.0
2024-03-20,35059.0,9.0,3412.0,,34435.0,37025.0
2024-03-21,35037.0,10.0,3158.0,,34259.0,37655.0
2024-03-22,35057.0,10.0,3288.0,,34353.0,37785.0
2024-03-23,34988.0,10.0,3649.0,,34298.0,38040.0
2024-03-24,35024.0,10.0,3678.0,,34348.0,37886.0
2024-03-25,35281.0,10.0,3249.0,,34039.0,37437.0
2024-03-26,35214.0,10.0,3098.0,,33948.0,37264.0
2024-03-27,35177.0,10.0,3171.0,,34448.0,36820.0
2024-03-28,35032.0,10.0,3358.0,,34074.0,37654.0
2024-03-29,35186.0,10.0,3548.0,,34502.0,38217.0
2024-03-30,35112.0,10.0,3174.0,,34477.0,38184.0
2024-03-31,35076.0,10.0,3137.0,,34403.0,37568.0
2024-04-01,35279.0,10.0,3321.0,,34611.0,37143.0
2024-04-02,35386.0,10.0,2583.0,,34743.0,37427.0
2024-04-03,35374.0,10.0,3329.0,,34578.0,38061.0
2024-04-04,35439.0,10.0,3191.0,,34777.0,37753.0
2024-04-05,35338.0,11.0,3267.0,,34240.0,37877.0
2024-04-06,35219.0,11.0,3427.0,,34378.0,37603.0
2024-04-07,35057.0,11.0,3175.0,,34010.0,37422.0
2024-04-08,35429.0,11.0,3139.0,,33844.0,37258.0
2024-04-09,35356.0,11.0,2912.0,,34137.0,37505.0
2024-04-10,35369.0,12.0,3012.0,,34587.0,37798.0
2024-04-11,35988.0,12.0,3028.0,,34508.0,38012.0
2024-04-12,35462.0,11.0,3518.0,,34543.0,37732.0
2024-04-13,35420.0,11.0,3180.0,,34516.0,37615.0
2024-04-14,35002.0,12.0,3377.0,,34124.0,37735.0
2024-04-15,35043.0,12.0,3581.0,,34178.0,37809.0
2024-04-16,35165.0,11.0,3747.0,,34514.0,37708.0
2024-04-17,35288.0,12.0,4114.0,,34503.0,37716.0
2024-04-18,36105.0,12.0,3993.0,,34415.0,37783.0
2024-04-19,36392.0,12.0,4172.0,,34654.0,37899.0
2024-04-20,36368.0,12.0,4354.0,,34534.0,37960.0
2024-04-21,36269.0,12.0,4516.0,,34386.0,37836.0
2024-04-22,36233.0,12.0,3674.0,,34090.0,37600.0
2024-04-23,35081.0,11.0,3669.0,,34009.0,37417.0
2024-04-24,35825.0,12.0,3733.0,,34025.0,37403.0
2024-04-25,35854.0,12.0,3907.0,,34137.0,37632.0
2024-04-26,36049.0,12.0,3998.0,,34080.0,37608.0
2024-04-27,36097.0,12.0,3751.0,,33442.0,37591.0
2024-04-28,35859.0,12.0,4079.0,,33655.0,37531.0
2024-04-29,35426.0,12.0,3597.0,,33215.0,37327.0
2024-04-30,35723.0,12.0,3727.0,,33126.0,37634.0
2024-05-01,35723.0,12.0,3855.0,,33024.0,37469.0
2024-05-02,35829.0,12.0,4414.0,,33289.0,37405.0
2024-05-03,35309.0,12.0,6532.0,,33465.0,37219.0
2024-05-04,35415.0,12.0,6192.0,,33107.0,37405.0
2024-05-05,35100.0,12.0,6384.0,,33698.0,37151.0
2024-05-06,36073.0,12.0,3590.0,,33730.0,37822.0
2024-05-07,35373.0,12.0,3080.0,,33786.0,37721.0
2024-05-08,35278.0,12.0,3294.0,,33838.0,37795.0
2024-05-09,36084.0,11.0,3107.0,,33906.0,37686.0
2024-05-10,34926.0,12.0,3376.0,,33497.0,37429.0
2024-05-11,34876.0,12.0,3330.0,,33538.0,37586.0
2024-05-12,34793.0,12.0,3158.0,,33658.0,37874.0
2024-05-13,34951.0,12.0,3074.0,,33648.0,37732.0
2024-05-14,34825.0,12.0,3200.0,,33513.0,37714.0
2024-05-15,35006.0,12.0,3351.0,,33996.0,37771.0
2024-05-16,34708.0,12.0,3369.0,,33489.0,38225.0
2024-05-17,34944.0,12.0,3381.0,,33958.0,38327.0
2024-05-18,34869.0,12.0,3426.0,,33713.0,38208.0
2024-05-19,34969.0,12.0,3628.0,,33713.0,38012.0
2024-05-20,35023.0,12.0,3389.0,,33572.0,37580.0
2024-05-21,35596.0,12.0,2822.0,,33766.0,37583.0
2024-05-22,35279.0,12.0,3217.0,,33935.0,37863.0
2024-05-23,36126.0,12.0,3196.0,,33882.0,37769.0
2024-05-24,35965.0,12.0,3240.0,,33891.0,37572.0
2024-05-25,36006.0,12.0,3536.0,,33969.0,37440.0
2024-05-26,36104.0,12.0,3337.0,,33329.0,37601.0
2024-05-27,36147.0,12.0,2919.0,,33356.0,37605.0
2024-05-28,36150.0,12.0,2953.0,,33690.0,37767.0
2024-05-29,34765.0,12.0,4487.0,,32203.0,36847.0
2024-05-30,36349.0,14.0,4049.0,,31389.0,36574.0
2024-05-31,36059.0,14.0,4337.0,,31322.0,36186.0
2024-06-01,35840.0,14.0,3551.0,,31685.0,36266.0
2024-06-02,35543.0,14.0,4077.0,,31566.0,35970.0
2024-06-03,34608.0,14.0,3804.0,,31885.0,35902.0
2024-06-04,35459.0,14.0,3652.0,,31393.0,35881.0
2024-06-05,35158.0,14.0,3593.0,,31191.0,35819.0
2024-06-06,35360.0,13.0,3485.0,,31083.0,35540.0
2024-06-07,34704.0,14.0,5415.0,,30155.0,35300.0
2024-06-08,34171.0,14.0,5314.0,,30296.0,35138.0
2024-06-09,34305.0,14.0,5195.0,,30844.0,35021.0
2024-06-10,34451.0,14.0,3645.0,,30998.0,34761.0
2024-06-11,34461.0,14.0,3222.0,,31309.0,34749.0
2024-06-12,34546.0,14.0,3294.0,,31125.0,35063.0
2024-06-13,34669.0,14.0,3412.0,,30747.0,35106.0
2024-06-14,34758.0,14.0,3401.0,,30590.0,35605.0
2024-06-15,34881.0,14.0,3449.0,,30516.0,35449.0
2024-06-16,34696.0,14.0,3527.0,,30627.0,35036.0
2024-06-17,34391.0,14.0,3593.0,,30608.0,34719.0
2024-06-18,33982.0,14.0,3706.0,,30766.0,34510.0
2024-06-19,34029.0,14.0,3367.0,,30464.0,34746.0
2024-06-20,33650.0,14.0,3232.0,,30438.0,34596.0
2024-06-21,33069.0,14.0,3468.0,,30354.0,34468.0
2024-06-22,33522.0,14.0,3559.0,,30228.0,33924.0
2024-06-23,33363.0,14.0,3803.0,,30263.0,33939.0
2024-06-24,34065.0,14.0,3530.0,,30210.0,34193.0
2024-06-25,34114.0,14.0,3663.0,,30224.0,34202.0
2024-06-26,33320.0,14.0,3572.0,,30286.0,34823.0
2024-06-27,33247.0,14.0,3603.0,,30600.0,34655.0
2024-06-28,32970.0,14.0,3728.0,,30805.0,34527.0
2024-06-29,33160.0,14.0,3908.0,,30527.0,34492.0
2024-06-30,33030.0,14.0,5415.0,,29444.0,34190.0
2024-07-01,32939.0,14.0,3457.0,,29125.0,33507.0
2024-07-02,32760.0,14.0,3362.0,,29504.0,33319.0
2024-07-03,33055.0,14.0,3418.0,,29833.0,33503.0
2024-07-04,33194.0,14.0,3348.0,,29530.0,34229.0
2024-07-05,32973.0,14.0,3335.0,,29231.0,33925.0
2024-07-06,33179.0,14.0,3608.0,,29320.0,34265.0
2024-07-07,32731.0,14.0,3630.0,,29251.0,34417.0
2024-07-08,32884.0,14.0,3577.0,,30168.0,34386.0
2024-07-09,33101.0,14.0,3394.0,,29994.0,34152.0
2024-07-10,32844.0,14.0,3671.0,,30438.0,33821.0
2024-07-11,32416.0,14.0,4135.0,,30276.0,33475.0
2024-07-12,33147.0,14.0,5567.0,,29628.0,33602.0
2024-07-13,33107.0,14.0,5339.0,,29646.0,33260.0
2024-07-14,32848.0,14.0,5302.0,,30085.0,32909.0
2024-07-15,32942.0,14.0,3433.0,,30025.0,33344.0
2024-07-16,33189.0,14.0,3637.0,,30197.0,34900.0
2024-07-17,32997.0,14.0,3618.0,,30460.0,34373.0
2024-07-18,33248.0,14.0,3536.0,,30242.0,33966.0
2024-07-19,33020.0,14.0,3508.0,,30144.0,34006.0
2024-07-20,32819.0,14.0,3393.0,,29897.0,33858.0
2024-07-21,32532.0,14.0,3461.0,,30478.0,33561.0
2024-07-22,33706.0,13.0,3453.0,,31223.0,33951.0
2024-07-23,33387.0,14.0,3126.0,,30807.0,34016.0
2024-07-24,33511.0,14.0,3678.0,,30660.0,34210.0
2024-07-25,33226.0,14.0,3697.0,,30671.0,34144.0
2024-07-26,33651.0,14.0,3681.0,,30662.0,34064.0
2024-07-27,33721.0,14.0,3407.0,,30522.0,34073.0
2024-07-28,33710.0,14.0,3586.0,,30470.0,34067.0
2024-07-29,33524.0,14.0,3336.0,,30263.0,33921.0
2024-07-30,33526.0,14.0,3336.0,,30471.0,34415.0
2024-07-31,33950.0,14.0,3633.0,,30933.0,34550.0
2024-08-01,33816.0,14.0,3671.0,,30807.0,34817.0
2024-08-02,33778.0,14.0,3754.0,,31444.0,34330.0
2024-08-03,33804.0,14.0,3590.0,,31674.0,34327.0
2024-08-04,34012.0,14.0,3805.0,,31540.0,34401.0
2024-08-05,33868.0,14.0,3584.0,,31382.0,34279.0
2024-08-06,34248.0,13.0,3354.0,,32039.0,34387.0
2024-08-07,34446.0,14.0,3328.0,,32262.0,34741.0
2024-08-08,34645.0,14.0,3459.0,,32559.0,35816.0
2024-08-09,34624.0,14.0,3456.0,,32390.0,35846.0
2024-08-10,34438.0,14.0,3644.0,,32398.0,35519.0
2024-08-11,34896.0,14.0,3718.0,,32355.0,35365.0
2024-08-12,34990.0,14.0,3368.0,,32122.0,35734.0
2024-08-13,35096.0,14.0,3088.0,,32233.0,35785.0
2024-08-14,35701.0,14.0,3582.0,,32356.0,36671.0
2024-08-15,35554.0,14.0,3753.0,,33085.0,36164.0
2024-08-16,35545.0,14.0,3709.0,,33100.0,36001.0
2024-08-17,35254.0,14.0,3962.0,,32916.0,35420.0
2024-08-18,35574.0,14.0,3581.0,,33297.0,35721.0
2024-08-19,35660.0,14.0,3450.0,,33417.0,35788.0
2024-08-20,35576.0,14.0,3298.0,,33290.0,35799.0
2024-08-21,35922.0,14.0,3245.0,,33579.0,36134.0
2024-08-22,35823.0,14.0,3328.0,,34079.0,35943.0
2024-08-23,35880.0,14.0,3637.0,,34069.0,36145.0
2024-08-24,36299.0,14.0,3503.0,,34077.0,36427.0
2024-08-25,36197.0,14.0,3602.0,,34074.0,36573.0
2024-08-26,36453.0,13.0,2858.0,,33714.0,36663.0
2024-08-27,35964.0,14.0,3063.0,,34451.0,36735.0
2024-08-28,36412.0,14.0,3273.0,,34641.0,36570.0
2024-08-29,36042.0,14.0,3401.0,,34454.0,36515.0
2024-08-30,35809.0,14.0,3251.0,,34786.0,36033.0
2024-08-31,35920.0,14.0,3593.0,,34736.0,35943.0
2024-09-01,36105.0,14.0,3847.0,,34666.0,36245.0
2024-09-02,35996.0,14.0,3946.0,,34682.0,36224.0
2024-09-03,36006.0,14.0,3740.0,,34535.0,36325.0
2024-09-04,35961.0,14.0,3631.0,,34609.0,36196.0
2024-09-05,35812.0,14.0,4677.0,,34760.0,35889.0
2024-09-06,35712.0,14.0,6297.0,,34988.0,36267.0
2024-09-07,36135.0,14.0,6033.0,,35261.0,36316.0
2024-09-08,36311.0,14.0,5848.0,,35408.0,36402.0
2024-09-09,36135.0,13.0,2989.0,,35178.0,36832.0
2024-09-10,36415.0,14.0,3139.0,,35001.0,37589.0
2024-09-11,36715.0,14.0,3127.0,,35210.0,37582.0
2024-09-12,36621.0,14.0,3095.0,,35242.0,37262.0
2024-09-13,36688.0,14.0,3449.0,,35493.0,37234.0
2024-09-14,36870.0,13.0,3039.0,,36192.0,37336.0
2024-09-15,36761.0,14.0,3553.0,,35729.0,37100.0
2024-09-16,36739.0,14.0,3431.0,,35806.0,37040.0
2024-09-17,36774.0,14.0,3182.0,,36043.0,36838.0
2024-09-18,37045.0,14.0,3263.0,,36397.0,36981.0
2024-09-19,37616.0,14.0,3500.0,,36547.0,37905.0
2024-09-20,37830.0,14.0,3572.0,,36653.0,38802.0
2024-09-21,38033.0,14.0,3912.0,,36969.0,38447.0
2024-09-22,38219.0,14.0,3548.0,,37378.0,38839.0
2024-09-23,38591.0,14.0,3630.0,,38140.0,38654.0
2024-09-24,39115.0,14.0,3270.0,,38253.0,39320.0
2024-09-25,39370.0,14.0,3398.0,,38470.0,39776.0
2024-09-26,39324.0,14.0,3744.0,,38567.0,39351.0
2024-09-27,39332.0,14.0,3758.0,,38350.0,39490.0
2024-09-28,39031.0,14.0,3935.0,,38250.0,39016.0
2024-09-29,38859.0,14.0,3938.0,,38467.0,38775.0
2024-09-30,39466.0,14.0,3681.0,,38717.0,39540.0
2024-10-01,39660.0,14.0,3537.0,,38751.0,39818.0
2024-10-02,39313.0,14.0,3544.0,,38559.0,39570.0
2024-10-03,39365.0,14.0,3518.0,,38396.0,39479.0
2024-10-04,39449.0,14.0,3831.0,,38638.0,39520.0
2024-10-05,39467.0,14.0,3728.0,,38970.0,39595.0
2024-10-06,39529.0,14.0,4003.0,,39237.0,39392.0
2024-10-07,40031.0,14.0,3457.0,,38989.0,40243.0
2024-10-08,39980.0,14.0,3340.0,,38885.0,40464.0
2024-10-09,40043.0,14.0,3489.0,,38991.0,40258.0
2024-10-10,40399.0,14.0,3334.0,,39446.0,40686.0
2024-10-11,40566.0,14.0,3543.0,,39746.0,40879.0
2024-10-12,40368.0,14.0,3670.0,,40044.0,40615.0
2024-10-13,40219.0,14.0,3832.0,,40178.0,40288.0
2024-10-14,40239.0,14.0,3496.0,,40120.0,40015.0
2024-10-15,40164.0,14.0,3620.0,,39912.0,39949.0
2024-10-16,40405.0,14.0,3539.0,,39995.0,40417.0
2024-10-17,40467.0,14.0,3357.0,,40059.0,40479.0
2024-10-18,40274.0,14.0,3831.0,,39589.0,40524.0
2024-10-19,40210.0,14.0,3786.0,,39747.0,40200.0
2024-10-20,40071.0,14.0,3734.0,,39811.0,40013.0
2024-10-21,40200.0,14.0,3557.0,,39589.0,40438.0
2024-10-22,39823.0,14.0,3609.0,,39363.0,39932.0
2024-10-23,39945.0,14.0,3610.0,,39238.0,39876.0
2024-10-24,39716.0,14.0,4585.0,,39012.0,39895.0
2024-10-25,39827.0,14.0,6161.0,,39135.0,39629.0
2024-10-26,39689.0,14.0,6299.0,,38897.0,39461.0
2024-10-27,39637.0,14.0,5667.0,,39192.0,39545.0
2024-10-28,39937.0,14.0,3432.0,,40049.0,39484.0
2024-10-29,39824.0,14.0,3164.0,,40015.0,39299.0
2024-10-30,39921.0,14.0,3283.0,,39811.0,39339.0
2024-10-31,40055.0,14.0,3568.0,,39780.0,39412.0
2024-11-01,39833.0,14.0,3900.0,,39568.0,39479.0
2024-11-02,39727.0,14.0,3615.0,,39510.0,39398.0
2024-11-03,39935.0,14.0,3781.0,,39348.0,39254.0
2024-11-04,39968.0,14.0,3440.0,,39361.0,39273.0
2024-11-05,40007.0,14.0,3382.0,,39446.0,39317.0
2024-11-06,39942.0,14.0,3379.0,,39468.0,40026.0
2024-11-07,39696.0,14.0,3363.0,,39266.0,39793.0
2024-11-08,39746.0,14.0,3538.0,,39422.0,39175.0
2024-11-09,39369.0,14.0,3751.0,,39211.0,39183.0
2024-11-10,39323.0,14.0,3762.0,,38873.0,39572.0
2024-11-11,39335.0,14.0,3890.0,,39200.0,39241.0
2024-11-12,39864.0,14.0,3602.0,,39480.0,39787.0
2024-11-13,39952.0,14.0,3510.0,,39824.0,39626.0
2024-11-14,39963.0,14.0,3454.0,,39594.0,39529.0
2024-11-15,39770.0,14.0,4544.0,,39816.0,39757.0
2024-11-16,39956.0,14.0,4013.0,,39661.0,39794.0
2024-11-17,39666.0,14.0,3979.0,,39405.0,39827.0
2024-11-18,40437.0,13.0,3501.0,,40242.0,39829.0
2024-11-19,40322.0,14.0,3440.0,,40223.0,39865.0
2024-11-20,40412.0,13.0,3527.0,,40197.0,40128.0
2024-11-21,40813.0,14.0,3463.0,,39997.0,40724.0
2024-11-22,40496.0,14.0,3716.0,,40021.0,40609.0
2024-11-23,40476.0,14.0,3721.0,,39969.0,40525.0
2024-11-24,40372.0,13.0,3733.0,,39704.0,40423.0
2024-11-25,40276.0,12.0,3435.0,,39697.0,40145.0
2024-11-26,40353.0,12.0,3262.0,,39995.0,39997.0
2024-11-27,40064.0,13.0,3324.0,,39998.0,40019.0
2024-11-28,39924.0,13.0,3444.0,,39862.0,39751.0
2024-11-29,39919.0,13.0,3943.0,,39861.0,39631.0
2024-11-30,39863.0,13.0,3514.0,,39747.0,39819.0
2024-12-01,39881.0,13.0,3777.0,,39804.0,39779.0
2024-12-02,39857.0,13.0,3381.0,,39721.0,39768.0
2024-12-03,39974.0,13.0,3318.0,,39696.0,39759.0
2024-12-04,39751.0,13.0,3288.0,,39499.0,39796.0
2024-12-05,40269.0,13.0,3045.0,,39498.0,40435.0
2024-12-06,40406.0,12.0,3396.0,,39773.0,40265.0
2024-12-07,40132.0,12.0,3437.0,,39517.0,40044.0
2024-12-08,40094.0,12.0,3430.0,,39290.0,40349.0
2024-12-09,39928.0,12.0,3442.0,,39444.0,39960.0
2024-12-10,39966.0,11.0,2916.0,,39549.0,39703.0
2024-12-11,39792.0,11.0,2729.0,,39580.0,39633.0
2024-12-12,39904.0,12.0,2904.0,,39527.0,39780.0
2024-12-13,40254.0,11.0,3144.0,,39774.0,40209.0
2024-12-14,40190.0,12.0,3457.0,,39862.0,40166.0
2024-12-15,40142.0,11.0,3079.0,,40043.0,40073.0
2024-12-16,40089.0,11.0,2798.0,,39815.0,40014.0
2024-12-17,39916.0,11.0,2974.0,,39717.0,39979.0
2024-12-18,39807.0,11.0,2897.0,,39454.0,39824.0
2024-12-19,39744.0,11.0,2704.0,,39200.0,39798.0
2024-12-20,39682.0,11.0,3221.0,,39339.0,39498.0
2024-12-21,39595.0,10.0,3441.0,,39302.0,39227.0
2024-12-22,39434.0,10.0,3955.0,,39171.0,38635.0
2024-12-23,38760.0,11.0,5468.0,,38408.0,38519.0
2024-12-24,38616.0,11.0,4367.0,,38218.0,38450.0
2024-12-25,38414.0,11.0,4927.0,,38448.0,38106.0
2024-12-26,38630.0,11.0,4830.0,,38318.0,38515.0
2024-12-27,38610.0,11.0,3149.0,,38439.0,38660.0
2024-12-28,38671.0,11.0,3118.0,,38874.0,38691.0
2024-12-29,39015.0,12.0,3260.0,,38748.0,38387.0
2024-12-30,39559.0,24.0,6151.0,40162.0,38807.0,39611.0
2024-12-31,39843.0,32.0,5869.0,40465.0,38775.0,39789.0
2025-01-01,39768.0,32.0,6366.0,40555.0,38556.0,39673.0
2025-01-02,39586.0,33.0,7648.0,40393.0,38592.0,39299.0
2025-01-03,39454.0,33.0,8403.0,40556.0,38600.0,38992.0
2025-01-04,39185.0,33.0,8179.0,40381.0,38541.0,38955.0
2025-01-05,39407.0,33.0,9283.0,40459.0,38370.0,39237.0
2025-01-06,39585.0,33.0,8466.0,40574.0,38731.0,39418.0
2025-01-07,39808.0,32.0,8006.0,40458.0,39158.0,39168.0
2025-01-08,39920.0,33.0,8065.0,40802.0,38713.0,39849.0
2025-01-09,39530.0,33.0,7955.0,40242.0,38595.0,39700.0
2025-01-10,39532.0,33.0,9033.0,40173.0,38704.0,39495.0
2025-01-11,39508.0,33.0,9087.0,40125.0,38763.0,39285.0
2025-01-12,39383.0,33.0,8773.0,40025.0,38745.0,39517.0
2025-01-13,39379.0,32.0,8383.0,39985.0,38667.0,39096.0
2025-01-14,39509.0,33.0,8730.0,40184.0,38618.0,39174.0
2025-01-15,39467.0,33.0,8533.0,40437.0,38772.0,38886.0
2025-01-16,39478.0,33.0,8601.0,39865.0,38879.0,39292.0
2025-01-17,39440.0,33.0,8839.0,39762.0,38796.0,39185.0
2025-01-18,39496.0,33.0,9131.0,39892.0,38729.0,39225.0
2025-01-19,39584.0,33.0,9315.0,39871.0,38853.0,39514.0
2025-01-20,39789.0,33.0,8418.0,40155.0,38944.0,39555.0
2025-01-21,39742.0,34.0,8104.0,40236.0,38955.0,39380.0
2025-01-22,39467.0,34.0,8268.0,40073.0,38883.0,39318.0
2025-01-23,39643.0,34.0,8137.0,40027.0,39035.0,39313.0
2025-01-24,39646.0,34.0,8650.0,40213.0,38933.0,39356.0
2025-01-25,39748.0,34.0,8810.0,40257.0,38878.0,39106.0
2025-01-26,39691.0,34.0,9102.0,40377.0,38851.0,39329.0
2025-01-27,39693.0,33.0,8218.0,40318.0,38844.0,39463.0
2025-01-28,39938.0,34.0,7409.0,40403.0,39303.0,39433.0
2025-01-29,39919.0,32.0,7580.0,40329.0,39189.0,39451.0
2025-01-30,39717.0,33.0,8239.0,40257.0,39108.0,39515.0
2025-01-31,39756.0,34.0,9097.0,40165.0,39126.0,39663.0
2025-02-01,39727.0,33.0,9111.0,40206.0,39092.0,39710.0
2025-02-02,39763.0,34.0,9381.0,40496.0,39038.0,39441.0
2025-02-03,39645.0,34.0,8461.0,40371.0,39018.0,39426.0
2025-02-04,39682.0,33.0,8256.0,40356.0,39114.0,39407.0
2025-02-05,39725.0,34.0,8724.0,40386.0,38936.0,39478.0
2025-02-06,39903.0,34.0,8311.0,40547.0,39095.0,39851.0
2025-02-07,39775.0,34.0,8559.0,40533.0,39078.0,39763.0
2025-02-08,39838.0,34.0,8629.0,40595.0,38951.0,39772.0
2025-02-09,40010.0,34.0,8759.0,40365.0,39150.0,39674.0
2025-02-10,40011.0,33.0,8403.0,40432.0,38843.0,39847.0
2025-02-11,39992.0,34.0,8382.0,40446.0,39438.0,39985.0
2025-02-12,40003.0,34.0,8384.0,40450.0,39506.0,39700.0
2025-02-13,40009.0,34.0,8597.0,40414.0,39607.0,39693.0
2025-02-14,39950.0,34.0,8972.0,40281.0,39446.0,39407.0
2025-02-15,39858.0,34.0,9639.0,40228.0,39331.0,39422.0
2025-02-16,39732.0,34.0,9696.0,40252.0,39240.0,39405.0
2025-02-17,39650.0,34.0,8965.0,40256.0,39110.0,39411.0
2025-02-18,39764.0,34.0,8681.0,40265.0,39252.0,39294.0
2025-02-19,39802.0,34.0,8965.0,40108.0,39353.0,39468.0
2025-02-20,39936.0,34.0,8930.0,40095.0,39474.0,39760.0
2025-02-21,39786.0,34.0,8880.0,40067.0,39323.0,39592.0
2025-02-22,39591.0,33.0,9770.0,39984.0,39167.0,39357.0
2025-02-23,39596.0,34.0,11038.0,40173.0,39119.0,38954.0
2025-02-24,39512.0,34.0,10687.0,40253.0,39092.0,39311.0
2025-02-25,39672.0,34.0,10092.0,40167.0,39023.0,39480.0
2025-02-26,39607.0,34.0,10223.0,40147.0,39055.0,39546.0
2025-02-27,39533.0,34.0,10269.0,40052.0,38941.0,39444.0
2025-02-28,39555.0,34.0,10803.0,39937.0,38986.0,39252.0
2025-03-01,39474.0,34.0,11021.0,40010.0,38845.0,39047.0
2025-03-02,39211.0,34.0,10398.0,39923.0,38461.0,38961.0
2025-03-03,39181.0,34.0,9360.0,39916.0,38603.0,38972.0
2025-03-04,39096.0,34.0,8937.0,39858.0,38332.0,38959.0
2025-03-05,39143.0,33.0,9307.0,39922.0,38254.0,39003.0
2025-03-06,39111.0,34.0,11627.0,39832.0,38070.0,38773.0
2025-03-07,38811.0,34.0,16785.0,39619.0,38108.0,38285.0
2025-03-08,38694.0,33.0,14872.0,39346.0,38075.0,38504.0
2025-03-09,38757.0,34.0,15867.0,39516.0,38125.0,38610.0
2025-03-10,38819.0,34.0,9691.0,39615.0,38203.0,38663.0
2025-03-11,38708.0,34.0,8863.0,39342.0,37996.0,38497.0
2025-03-12,38637.0,34.0,8727.0,39278.0,37835.0,38460.0
2025-03-13,38577.0,34.0,9062.0,39246.0,37906.0,38316.0
2025-03-14,38692.0,34.0,8995.0,39487.0,38105.0,38329.0
2025-03-15,38598.0,34.0,9524.0,39320.0,37954.0,38238.0
2025-03-16,38515.0,34.0,9389.0,38870.0,37880.0,38422.0
2025-03-17,38339.0,34.0,8991.0,38715.0,37751.0,38182.0
2025-03-18,38529.0,34.0,8312.0,38798.0,38141.0,38276.0
2025-03-19,38543.0,34.0,8383.0,39236.0,38173.0,38391.0
2025-03-20,38534.0,34.0,8659.0,39195.0,38076.0,38295.0
2025-03-21,38542.0,33.0,8925.0,39092.0,37999.0,38095.0
2025-03-22,38486.0,34.0,9006.0,39330.0,37880.0,38124.0
2025-03-23,38512.0,34.0,9938.0,39427.0,38034.0,38236.0
2025-03-24,38612.0,34.0,8542.0,39267.0,38142.0,38428.0
2025-03-25,38632.0,34.0,8159.0,38976.0,38111.0,38440.0
2025-03-26,38499.0,34.0,8405.0,38882.0,38009.0,38196.0
2025-03-27,38435.0,34.0,8521.0,38942.0,37913.0,38110.0
2025-03-28,38540.0,34.0,9109.0,38901.0,37964.0,38173.0
2025-03-29,38417.0,32.0,8312.0,38839.0,37899.0,38150.0
2025-03-30,38394.0,33.0,9313.0,38730.0,37763.0,38231.0
2025-03-31,38364.0,33.0,8017.0,38666.0,37800.0,38264.0
2025-04-01,38331.0,33.0,8134.0,39009.0,37776.0,38335.0
2025-04-02,38498.0,33.0,8380.0,39134.0,37822.0,38298.0
2025-04-03,38361.0,33.0,8167.0,38946.0,37794.0,38063.0
2025-04-04,38311.0,33.0,8522.0,38865.0,38005.0,38039.0
2025-04-05,38196.0,33.0,8716.0,38695.0,38038.0,37685.0
2025-04-06,38391.0,33.0,9185.0,38777.0,38128.0,37413.0
2025-04-07,38455.0,33.0,8299.0,39136.0,38079.0,37707.0
2025-04-08,38467.0,33.0,11250.0,39081.0,37898.0,38018.0
2025-04-09,38470.0,33.0,9732.0,38812.0,37906.0,38227.0
2025-04-10,38304.0,33.0,9918.0,38836.0,37748.0,38178.0
2025-04-11,38363.0,33.0,10632.0,38999.0,37735.0,38118.0
2025-04-12,38380.0,32.0,10592.0,39049.0,37872.0,38115.0
2025-04-13,38376.0,33.0,10408.0,39015.0,37751.0,37977.0
2025-04-14,38142.0,34.0,10102.0,38918.0,37681.0,37811.0
2025-04-15,38110.0,34.0,9641.0,38658.0,37763.0,37613.0
2025-04-16,37868.0,33.0,10156.0,38213.0,37709.0,37448.0
2025-04-17,37955.0,33.0,10253.0,38425.0,37520.0,37489.0
2025-04-18,37781.0,33.0,10852.0,38159.0,37428.0,37554.0
2025-04-19,37558.0,33.0,10111.0,37995.0,37234.0,37417.0
2025-04-20,37536.0,34.0,9985.0,37825.0,37214.0,37410.0
2025-04-21,37603.0,34.0,10485.0,37686.0,37076.0,37721.0
2025-04-22,37456.0,34.0,9556.0,37694.0,37122.0,37347.0
2025-04-23,37389.0,34.0,9651.0,37681.0,36952.0,37310.0
2025-04-24,37457.0,34.0,9684.0,38072.0,37249.0,37258.0
2025-04-25,37465.0,34.0,9905.0,37865.0,37016.0,37289.0
2025-04-26,37296.0,34.0,9910.0,37507.0,36888.0,37334.0
2025-04-27,37205.0,34.0,10232.0,37557.0,36673.0,37106.0
2025-04-28,37300.0,34.0,9310.0,37842.0,36670.0,37026.0
2025-04-29,37024.0,34.0,9493.0,37839.0,36902.0,36992.0
2025-04-30,37075.0,34.0,10317.0,37320.0,36603.0,37112.0
2025-05-01,37046.0,34.0,13434.0,37325.0,36605.0,37257.0
2025-05-02,36588.0,34.0,19035.0,36850.0,36183.0,36619.0
2025-05-03,36557.0,34.0,18614.0,36720.0,36291.0,35928.0
2025-05-04,36854.0,34.0,18421.0,37160.0,36171.0,36243.0
2025-05-05,37174.0,34.0,9687.0,37854.0,36765.0,36600.0
2025-05-06,37207.0,34.0,8475.0,37932.0,36928.0,36751.0
2025-05-07,37043.0,34.0,9004.0,37310.0,36696.0,36914.0
2025-05-08,37110.0,34.0,9309.0,37361.0,36791.0,36837.0
2025-05-09,36665.0,34.0,9932.0,36591.0,36864.0,36594.0
2025-05-10,36740.0,34.0,10489.0,36538.0,36713.0,36520.0
2025-05-11,36822.0,34.0,10147.0,36567.0,36618.0,36733.0
2025-05-12,36801.0,33.0,9273.0,37064.0,36309.0,36703.0
2025-05-13,36827.0,34.0,9263.0,36681.0,36409.0,36636.0
2025-05-14,36798.0,34.0,9897.0,36728.0,36456.0,36639.0
2025-05-15,36962.0,34.0,9876.0,36670.0,36829.0,36889.0
2025-05-16,36759.0,34.0,10159.0,36629.0,36272.0,36745.0
2025-05-17,36706.0,34.0,10816.0,36467.0,36427.0,36785.0
2025-05-18,36886.0,34.0,11027.0,36400.0,36504.0,36645.0
2025-05-19,36807.0,34.0,10110.0,36586.0,36314.0,36667.0
2025-05-20,36873.0,34.0,9557.0,36565.0,36572.0,36642.0
2025-05-21,36839.0,34.0,9289.0,36499.0,36558.0,36592.0
2025-05-22,36717.0,34.0,9242.0,36464.0,36460.0,36451.0
2025-05-23,36838.0,34.0,9476.0,36356.0,36365.0,36504.0
2025-05-24,36664.0,34.0,10081.0,36339.0,36250.0,36384.0
2025-05-25,36697.0,34.0,9986.0,36491.0,36399.0,36439.0
2025-05-26,36888.0,34.0,9224.0,36360.0,36500.0,36355.0
2025-05-27,36665.0,34.0,8944.0,36483.0,36351.0,36126.0
2025-05-28,36798.0,34.0,9399.0,36180.0,36393.0,36252.0
2025-05-29,36728.0,34.0,9051.0,36011.0,36235.0,36153.0
2025-05-30,36562.0,34.0,9909.0,35838.0,36235.0,36174.0
2025-05-31,36472.0,34.0,9520.0,35759.0,36430.0,36050.0
2025-06-01,36508.0,34.0,10178.0,35676.0,36336.0,35891.0
2025-06-02,36635.0,34.0,9432.0,35960.0,36517.0,36236.0
2025-06-03,36589.0,34.0,9161.0,35573.0,36521.0,36167.0
2025-06-04,36560.0,34.0,9344.0,35646.0,36394.0,36088.0
2025-06-05,36241.0,34.0,10174.0,35679.0,36393.0,35728.0
2025-06-06,36130.0,34.0,14176.0,35331.0,36116.0,35258.0
2025-06-07,35951.0,34.0,13097.0,35048.0,36079.0,35108.0
2025-06-08,36101.0,34.0,13274.0,35311.0,35923.0,35441.0
2025-06-09,36212.0,34.0,9494.0,35226.0,36084.0,35530.0
2025-06-10,36199.0,34.0,8272.0,35154.0,35892.0,35548.0
2025-06-11,36201.0,34.0,8338.0,35208.0,36097.0,35252.0
2025-06-12,36130.0,33.0,7713.0,35107.0,36132.0,35134.0
2025-06-13,36191.0,33.0,8522.0,34970.0,36193.0,35229.0
2025-06-14,36147.0,33.0,8461.0,34992.0,36209.0,35236.0
2025-06-15,35719.0,33.0,8601.0,35325.0,36119.0,35219.0
2025-06-16,36058.0,33.0,8151.0,34997.0,36168.0,35191.0
2025-06-17,36390.0,33.0,7956.0,35021.0,36170.0,35527.0
2025-06-18,36353.0,33.0,7962.0,35045.0,36242.0,35595.0
2025-06-19,36243.0,33.0,8528.0,35089.0,36312.0,35469.0
2025-06-20,36423.0,33.0,8540.0,34963.0,36295.0,35612.0
2025-06-21,36345.0,33.0,8412.0,34785.0,36250.0,35612.0
2025-06-22,36025.0,33.0,9119.0,34809.0,35948.0,35596.0
2025-06-23,35988.0,33.0,8432.0,34797.0,35917.0,35447.0
2025-06-24,35857.0,32.0,8046.0,34595.0,35822.0,35598.0
2025-06-25,35895.0,33.0,9733.0,34533.0,35838.0,35502.0
2025-06-26,35643.0,33.0,9512.0,34419.0,35699.0,35418.0
2025-06-27,35799.0,33.0,9638.0,34399.0,35970.0,35418.0
2025-06-28,35971.0,34.0,9704.0,34745.0,35937.0,35330.0
2025-06-29,35979.0,34.0,10242.0,34654.0,35884.0,35319.0
2025-06-30,35842.0,34.0,9689.0,35286.0,35771.0,35431.0
2025-07-01,35944.0,34.0,8807.0,35041.0,35688.0,35635.0
2025-07-02,35762.0,34.0,9085.0,34451.0,35614.0,35683.0
2025-07-03,35713.0,34.0,11807.0,34870.0,35610.0,35614.0
2025-07-04,35652.0,34.0,17046.0,34761.0,35524.0,35485.0
2025-07-05,35446.0,34.0,15609.0,34715.0,35717.0,35521.0
2025-07-06,35640.0,34.0,15215.0,34762.0,35798.0,35415.0
2025-07-07,36096.0,34.0,8562.0,34759.0,36035.0,35505.0
2025-07-08,36187.0,34.0,8501.0,34681.0,35999.0,35473.0
2025-07-09,36326.0,34.0,8243.0,34547.0,36017.0,35506.0
2025-07-10,36422.0,34.0,8639.0,34619.0,36141.0,35765.0
2025-07-11,36438.0,34.0,8849.0,34600.0,36061.0,35917.0
2025-07-12,36489.0,33.0,8408.0,34810.0,36120.0,36809.0
2025-07-13,36364.0,33.0,8387.0,34707.0,36423.0,36837.0
2025-07-14,36461.0,33.0,8356.0,34986.0,36424.0,36782.0
2025-07-15,36483.0,33.0,7971.0,34851.0,36488.0,36807.0
2025-07-16,36628.0,33.0,8130.0,34949.0,36424.0,36692.0
2025-07-17,36626.0,33.0,8356.0,35056.0,36280.0,36659.0
2025-07-18,36549.0,33.0,8399.0,35500.0,36199.0,36581.0
2025-07-19,36011.0,33.0,8338.0,34986.0,36205.0,36134.0
2025-07-20,36179.0,33.0,8638.0,34971.0,36065.0,36189.0
2025-07-21,36330.0,33.0,8071.0,35081.0,36200.0,36268.0
2025-07-22,36192.0,32.0,8019.0,35424.0,36515.0,36360.0
2025-07-23,36459.0,32.0,8140.0,35492.0,36469.0,36748.0
2025-07-24,36568.0,32.0,8039.0,35562.0,36312.0,36736.0
2025-07-25,36582.0,31.0,7924.0,35502.0,36278.0,36731.0
2025-07-26,36607.0,32.0,8333.0,35767.0,36279.0,36334.0
2025-07-27,36678.0,32.0,8801.0,35437.0,36285.0,36705.0
2025-07-28,36691.0,32.0,8364.0,36058.0,36397.0,36722.0
2025-07-29,36766.0,34.0,9325.0,35509.0,36583.0,36720.0
2025-07-30,36789.0,34.0,8879.0,36618.0,36545.0,36471.0
2025-07-31,36669.0,34.0,9466.0,36535.0,36389.0,36376.0
2025-08-01,36824.0,34.0,9294.0,36485.0,36863.0,36431.0
2025-08-02,36975.0,34.0,9017.0,36635.0,36844.0,36816.0
2025-08-03,37008.0,34.0,9329.0,36241.0,36845.0,36680.0
2025-08-04,37106.0,34.0,9075.0,36566.0,36829.0,36995.0
2025-08-05,37046.0,34.0,8563.0,36614.0,36647.0,37252.0
2025-08-06,37141.0,34.0,8867.0,37273.0,36678.0,37296.0
2025-08-07,37254.0,34.0,8475.0,37510.0,36703.0,37373.0
2025-08-08,37183.0,34.0,9193.0,37242.0,36609.0,37301.0
2025-08-09,37177.0,34.0,9242.0,37413.0,36620.0,36945.0
2025-08-10,37181.0,34.0,9408.0,37413.0,36664.0,37205.0
2025-08-11,37277.0,34.0,8620.0,37224.0,36633.0,37521.0
2025-08-12,37438.0,34.0,8226.0,37583.0,36855.0,37669.0
2025-08-13,37503.0,34.0,8439.0,37723.0,36997.0,37697.0
2025-08-14,37644.0,34.0,8458.0,37593.0,37329.0,37769.0
2025-08-15,37632.0,34.0,9327.0,37468.0,37519.0,37850.0
2025-08-16,37705.0,34.0,8906.0,37698.0,37343.0,38235.0
2025-08-17,37812.0,34.0,9358.0,37858.0,37310.0,38015.0
2025-08-18,37970.0,34.0,8609.0,37775.0,37482.0,38340.0
2025-08-19,37965.0,34.0,8353.0,38051.0,37357.0,38281.0
2025-08-20,37961.0,34.0,8572.0,38156.0,37419.0,38126.0
2025-08-21,37911.0,34.0,8419.0,37900.0,37352.0,38165.0
2025-08-22,37965.0,34.0,8497.0,37874.0,37377.0,38201.0
2025-08-23,37869.0,34.0,8846.0,37834.0,37452.0,38015.0
2025-08-24,37835.0,34.0,9414.0,37822.0,37281.0,37974.0
2025-08-25,37779.0,34.0,8629.0,37812.0,37228.0,37894.0
2025-08-26,37773.0,34.0,8616.0,37732.0,37220.0,37874.0
2025-08-27,37808.0,41.0,9894.0,38145.0,37156.0,37864.0
2025-08-28,37720.0,42.0,10208.0,37833.0,37240.0,37719.0
2025-08-29,37739.0,42.0,10599.0,37708.0,37182.0,37687.0
2025-08-30,37765.0,42.0,10861.0,38031.0,37203.0,37705.0
2025-08-31,37913.0,42.0,11130.0,38442.0,37384.0,37679.0
2025-09-01,37954.0,42.0,10988.0,38350.0,37371.0,37889.0
2025-09-02,37833.0,50.0,13904.0,38383.0,37245.0,37695.0
2025-09-03,37654.0,59.0,18571.0,38102.0,37024.0,37548.0
2025-09-04,37558.0,62.0,22677.0,37771.0,36970.0,37541.0
2025-09-05,37585.0,60.0,29012.0,37810.0,36969.0,37519.0
2025-09-06,37626.0,59.0,28070.0,37952.0,37080.0,37649.0
2025-09-07,37875.0,60.0,28611.0,38353.0,37327.0,37742.0
2025-09-08,38054.0,62.0,16148.0,38638.0,37424.0,37985.0
2025-09-09,38260.0,62.0,15471.0,38849.0,37613.0,38254.0
2025-09-10,38244.0,62.0,15396.0,38690.0,37493.0,38228.0
2025-09-11,38246.0,62.0,14788.0,38590.0,37625.0,37976.0
2025-09-12,38252.0,62.0,15131.0,38596.0,37693.0,38133.0
2025-09-13,38281.0,62.0,16046.0,38502.0,37713.0,38323.0
2025-09-14,38288.0,62.0,16682.0,38814.0,37732.0,38211.0
2025-09-15,38348.0,62.0,15636.0,38962.0,37866.0,38181.0
2025-09-16,38437.0,61.0,15853.0,39033.0,37919.0,38240.0
2025-09-17,38564.0,61.0,15471.0,38992.0,37994.0,38578.0
2025-09-18,38612.0,61.0,15541.0,39025.0,37949.0,38584.0
2025-09-19,38548.0,62.0,16270.0,38934.0,37907.0,38564.0
2025-09-20,38550.0,62.0,15584.0,38942.0,37923.0,38779.0
2025-09-21,38538.0,62.0,16203.0,39199.0,37942.0,38612.0
2025-09-22,38616.0,62.0,14476.0,38992.0,38046.0,38435.0
2025-09-23,38647.0,62.0,15449.0,39195.0,38062.0,38393.0
2025-09-24,38796.0,62.0,15134.0,39071.0,38321.0,38720.0
2025-09-25,39031.0,62.0,15132.0,39316.0,38552.0,38829.0
2025-09-26,39152.0,62.0,16014.0,39559.0,38757.0,38900.0
2025-09-27,39258.0,62.0,15538.0,39751.0,38636.0,38938.0
2025-09-28,39431.0,62.0,16025.0,39970.0,38744.0,39317.0
2025-09-29,39624.0,62.0,15262.0,40065.0,38993.0,39717.0
2025-09-30,39931.0,62.0,15256.0,40570.0,39216.0,39702.0
2025-10-01,40098.0,61.0,14401.0,40725.0,39146.0,40008.0
2025-10-02,40227.0,57.0,13011.0,40635.0,39349.0,40254.0
2025-10-03,40203.0,60.0,15438.0,40583.0,39254.0,40505.0
2025-10-04,40324.0,62.0,15896.0,40602.0,39181.0,40539.0
2025-10-05,40273.0,62.0,16215.0,40679.0,39087.0,40214.0
2025-10-06,40481.0,61.0,14571.0,40860.0,39909.0,40169.0
2025-10-07,40405.0,60.0,14340.0,41135.0,39704.0,40203.0
2025-10-08,40586.0,58.0,13291.0,41455.0,39755.0,40507.0
2025-10-09,40719.0,60.0,14801.0,41138.0,40072.0,40487.0
2025-10-10,40738.0,59.0,14820.0,41034.0,40259.0,40642.0
2025-10-11,40934.0,57.0,14343.0,41292.0,40107.0,40760.0
2025-10-12,40956.0,62.0,15636.0,41280.0,40219.0,40899.0
2025-10-13,41122.0,62.0,14585.0,41700.0,40090.0,41061.0
2025-10-14,41079.0,62.0,14372.0,41958.0,40194.0,40928.0
2025-10-15,41144.0,62.0,14484.0,41664.0,40278.0,40952.0
2025-10-16,41200.0,61.0,14648.0,41634.0,40297.0,41164.0
2025-10-17,41202.0,62.0,15356.0,41651.0,40362.0,41087.0
2025-10-18,41418.0,61.0,15056.0,41979.0,40431.0,41140.0
2025-10-19,41367.0,62.0,14805.0,42084.0,40455.0,41277.0
2025-10-20,41439.0,61.0,13773.0,42051.0,40737.0,41166.0
2025-10-21,41865.0,60.0,13009.0,42339.0,40672.0,41716.0
2025-10-22,41709.0,61.0,13561.0,42079.0,40797.0,41810.0
2025-10-23,41692.0,61.0,13931.0,42088.0,40799.0,41699.0
2025-10-24,41738.0,61.0,14283.0,42037.0,40789.0,41824.0
2025-10-25,41614.0,61.0,15301.0,42032.0,40908.0,41683.0
2025-10-26,41669.0,62.0,15254.0,42126.0,40922.0,41571.0
2025-10-27,41785.0,61.0,14412.0,42085.0,41114.0,41890.0
2025-10-28,41983.0,61.0,14323.0,42087.0,40994.0,42061.0
2025-10-29,41977.0,61.0,15101.0,42283.0,41272.0,41996.0
2025-10-30,41838.0,60.0,14519.0,42061.0,41172.0,41931.0
2025-10-31,41724.0,60.0,15137.0,41970.0,40975.0,41831.0
2025-11-01,41734.0,61.0,15342.0,41990.0,40959.0,41819.0
2025-11-02,41706.0,61.0,15988.0,42214.0,41026.0,41778.0
2025-11-03,41526.0,61.0,15408.0,41802.0,40905.0,41432.0
2025-11-04,41367.0,61.0,14621.0,41773.0,40801.0,41341.0
2025-11-05,41347.0,60.0,15053.0,41668.0,40818.0,41350.0
2025-11-06,41285.0,67.0,21781.0,41499.0,40913.0,41285.0
2025-11-07,41128.0,70.0,28173.0,41409.0,40653.0,40929.0
2025-11-08,41095.0,69.0,27108.0,41348.0,40578.0,41047.0
2025-11-09,41178.0,70.0,27584.0,41609.0,40674.0,41017.0
2025-11-10,41327.0,69.0,16398.0,41751.0,40719.0,41115.0
2025-11-11,41357.0,69.0,15142.0,41662.0,40759.0,41343.0
2025-11-12,41282.0,70.0,15654.0,41560.0,40771.0,41364.0
2025-11-13,41250.0,70.0,16334.0,41372.0,40629.0,41221.0
2025-11-14,41083.0,70.0,16589.0,41381.0,40536.0,40987.0
2025-11-15,41063.0,69.0,19777.0,41280.0,40492.0,41187.0
2025-11-16,40989.0,70.0,18131.0,41270.0,40530.0,40918.0
2025-11-17,41169.0,70.0,16222.0,41376.0,40616.0,41195.0
2025-11-18,41421.0,70.0,15330.0,41682.0,40999.0,41246.0
2025-11-19,41415.0,70.0,14817.0,41666.0,41025.0,41262.0
2025-11-20,41437.0,70.0,15268.0,41721.0,41071.0,41197.0
2025-11-21,41676.0,70.0,15845.0,41902.0,41144.0,41439.0
2025-11-22,41621.0,70.0,15448.0,41873.0,41112.0,41548.0
2025-11-23,41578.0,70.0,16196.0,41767.0,41037.0,41602.0
2025-11-24,41679.0,70.0,16635.0,41985.0,41109.0,41591.0
2025-11-25,41723.0,70.0,16531.0,41894.0,41223.0,41666.0
2025-11-26,41781.0,70.0,16137.0,42078.0,41171.0,41682.0
2025-11-27,41853.0,70.0,16221.0,42349.0,41290.0,41666.0
2025-11-28,41982.0,69.0,16479.0,42435.0,41440.0,41815.0
2025-11-29,41993.0,70.0,15768.0,42422.0,41348.0,41982.0
2025-11-30,42037.0,69.0,16665.0,42546.0,41304.0,41936.0
2025-12-01,42080.0,70.0,18701.0,42425.0,41415.0,42120.0
2025-12-02,42068.0,69.0,16750.0,42282.0,41389.0,42144.0
2025-12-03,41917.0,69.0,15293.0,42183.0,41079.0,42189.0
2025-12-04,41812.0,70.0,15211.0,42003.0,41059.0,41918.0
2025-12-05,41774.0,70.0,15223.0,42039.0,41194.0,41915.0
2025-12-06,41655.0,70.0,14904.0,41971.0,41016.0,41690.0
2025-12-07,41628.0,70.0,15099.0,41879.0,41138.0,41634.0
2025-12-08,41451.0,70.0,18117.0,41762.0,40813.0,41535.0
2025-12-09,41441.0,70.0,15800.0,41691.0,40799.0,41490.0
2025-12-10,41476.0,70.0,15541.0,41747.0,40783.0,41412.0
2025-12-11,41490.0,70.0,14914.0,41780.0,40942.0,41350.0
2025-12-12,41381.0,70.0,15602.0,41674.0,40764.0,41399.0
2025-12-13,41355.0,70.0,16098.0,41506.0,40829.0,41358.0
2025-12-14,41145.0,70.0,16369.0,41389.0,40840.0,41178.0
2025-12-15,41122.0,70.0,19242.0,41219.0,40798.0,41036.0
2025-12-16,40924.0,69.0,16063.0,40965.0,40649.0,40868.0
2025-12-17,40835.0,69.0,15571.0,40875.0,40490.0,40778.0
2025-12-18,40748.0,70.0,15735.0,40863.0,40363.0,40639.0
2025-12-19,40578.0,70.0,16479.0,40646.0,40087.0,40566.0
2025-12-20,40607.0,70.0,16610.0,40884.0,39917.0,40573.0
2025-12-21,40471.0,70.0,17501.0,40769.0,39953.0,40468.0
2025-12-22,40217.0,70.0,24458.0,40450.0,39517.0,40314.0
2025-12-23,39980.0,70.0,28691.0,40342.0,39283.0,40015.0
2025-12-24,39733.0,70.0,23214.0,39994.0,38908.0,39758.0
2025-12-25,39546.0,69.0,24039.0,39935.0,38665.0,39585.0
2025-12-26,39437.0,69.0,26029.0,39846.0,38530.0,39468.0
2025-12-27,39437.0,69.0,27160.0,39780.0,38746.0,39449.0
2025-12-28,39823.0,69.0,27949.0,40348.0,39136.0,39522.0
2025-12-29,40282.0,70.0,20817.0,40665.0,39659.0,40047.0
2025-12-30,40193.0,70.0,16954.0,40424.0,39627.0,40142.0
2025-12-31,40086.0,70.0,12726.0,40379.0,39404.0,40113.0
2026-01-01,40106.0,70.0,13744.0,40344.0,39558.0,40089.0
2026-01-02,39950.0,70.0,16707.0,40185.0,39365.0,39793.0
2026-01-03,39730.0,70.0,16489.0,39952.0,39077.0,39713.0
2026-01-04,39633.0,70.0,17926.0,39830.0,39011.0,39608.0
2026-01-05,39604.0,70.0,20651.0,39866.0,38907.0,39568.0
2026-01-06,39512.0,70.0,17571.0,39667.0,38818.0,39701.0
2026-01-07,39511.0,70.0,16990.0,39439.0,38901.0,39539.0
2026-01-08,39458.0,70.0,16702.0,39418.0,38950.0,39414.0
2026-01-09,39354.0,69.0,18138.0,39376.0,38826.0,39324.0
2026-01-10,39247.0,70.0,18175.0,39507.0,38727.0,39265.0
2026-01-11,39141.0,70.0,19154.0,39263.0,38721.0,39159.0
2026-01-12,39118.0,70.0,21437.0,39286.0,38750.0,39026.0
2026-01-13,39093.0,69.0,16953.0,39245.0,38758.0,39038.0
2026-01-14,39171.0,69.0,16064.0,39286.0,38775.0,39126.0
2026-01-15,39253.0,70.0,16983.0,39384.0,38843.0,39250.0
2026-01-16,39295.0,70.0,17591.0,39432.0,39009.0,39142.0
2026-01-17,39284.0,70.0,18245.0,39455.0,38823.0,39220.0
2026-01-18,39375.0,70.0,18500.0,39552.0,39137.0,39524.0
2026-01-19,39400.0,70.0,20530.0,39672.0,39211.0,39296.0
2026-01-20,39417.0,70.0,17071.0,39687.0,39201.0,39136.0
2026-01-21,39472.0,70.0,16456.0,39662.0,39187.0,39400.0
2026-01-22,39368.0,70.0,16623.0,39440.0,39052.0,39337.0
2026-01-23,39370.0,70.0,18159.0,39627.0,38967.0,39402.0
2026-01-24,39374.0,70.0,18809.0,39611.0,38942.0,39304.0
2026-01-25,39254.0,70.0,18886.0,39664.0,38794.0,38960.0
2026-01-26,39254.0,70.0,21354.0,39505.0,38819.0,39209.0
2026-01-27,39330.0,70.0,16969.0,39654.0,38908.0,39084.0
2026-01-28,39321.0,70.0,17189.0,39463.0,39024.0,39097.0
2026-01-29,39256.0,70.0,16664.0,39402.0,38833.0,39076.0
2026-01-30,39232.0,70.0,17972.0,39448.0,38821.0,39198.0
2026-01-31,39216.0,70.0,19395.0,39353.0,38793.0,39108.0
2026-02-01,39236.0,70.0,20851.0,39501.0,38678.0,39162.0
2026-02-02,39284.0,70.0,22914.0,39587.0,38700.0,39133.0
2026-02-03,39226.0,70.0,18891.0,39495.0,38833.0,39072.0
2026-02-04,39219.0,70.0,17953.0,39477.0,38939.0,39078.0
2026-02-05,39192.0,70.0,17650.0,39482.0,38935.0,39170.0
2026-02-06,39387.0,70.0,17511.0,39667.0,39048.0,39269.0
2026-02-07,39369.0,70.0,17512.0,39717.0,38869.0,39257.0
2026-02-08,39461.0,70.0,18018.0,39870.0,38772.0,39318.0
2026-02-09,39505.0,70.0,21727.0,40016.0,38920.0,39317.0
2026-02-10,39475.0,69.0,17201.0,39748.0,38872.0,39317.0
2026-02-11,39337.0,69.0,17600.0,39582.0,38934.0,39296.0
2026-02-12,39401.0,70.0,17083.0,39682.0,38753.0,39212.0
2026-02-13,39390.0,70.0,17614.0,39832.0,38720.0,39256.0
2026-02-14,39496.0,70.0,17328.0,39820.0,38801.0,39319.0
2026-02-15,39342.0,70.0,18469.0,39591.0,38942.0,39194.0
2026-02-16,39230.0,70.0,21645.0,39562.0,38885.0,39131.0
2026-02-17,39201.0,70.0,18059.0,39559.0,38670.0,39137.0
2026-02-18,39108.0,70.0,17423.0,39379.0,38731.0,39036.0
2026-02-19,39091.0,70.0,17462.0,39327.0,38798.0,38984.0
2026-02-20,39092.0,70.0,18279.0,39347.0,38902.0,39015.0
2026-02-21,39044.0,69.0,18714.0,39345.0,38690.0,38992.0
2026-02-22,39075.0,69.0,19646.0,39319.0,38910.0,38959.0
2026-02-23,38981.0,70.0,23174.0,39151.0,38692.0,38976.0
2026-02-24,38943.0,70.0,17291.0,39077.0,38658.0,38918.0
2026-02-25,38814.0,70.0,20889.0,38909.0,38468.0,38874.0
2026-02-26,38709.0,70.0,20845.0,39000.0,38349.0,38695.0
2026-02-27,38655.0,70.0,20978.0,38778.0,38475.0,38630.0
2026-02-28,38651.0,70.0,21218.0,38819.0,38372.0,38611.0
2026-03-01,38661.0,70.0,21107.0,38853.0,38567.0,38477.0
2026-03-02,38658.0,70.0,22840.0,38800.0,38397.0,38594.0
2026-03-03,38587.0,70.0,18644.0,38878.0,38144.0,38575.0
2026-03-04,38577.0,70.0,18114.0,38744.0,38062.0,38618.0
2026-03-05,38443.0,70.0,22969.0,38679.0,37987.0,38489.0
2026-03-06,38174.0,70.0,31636.0,38318.0,37721.0,38304.0
2026-03-07,38149.0,67.0,29839.0,38412.0,37697.0,38296.0
2026-03-08,38203.0,69.0,28899.0,38467.0,37652.0,38362.0
2026-03-09,38358.0,69.0,21537.0,38584.0,37664.0,38487.0
2026-03-10,38241.0,69.0,16339.0,38524.0,37579.0,38435.0
2026-03-11,38151.0,69.0,16141.0,38174.0,37645.0,38323.0
2026-03-12,38073.0,69.0,16490.0,38164.0,37640.0,38279.0
2026-03-13,38265.0,70.0,17649.0,38344.0,37793.0,38389.0
2026-03-14,38199.0,70.0,17774.0,38400.0,37658.0,38345.0
2026-03-15,38114.0,70.0,18795.0,38319.0,37590.0,38282.0
2026-03-16,38222.0,70.0,20844.0,38428.0,37650.0,38376.0
2026-03-17,38326.0,70.0,16198.0,38626.0,37610.0,38313.0
2026-03-18,38314.0,70.0,15985.0,38600.0,37554.0,38364.0
2026-03-19,38369.0,70.0,16800.0,38732.0,37616.0,38386.0
2026-03-20,38469.0,70.0,17500.0,38789.0,37684.0,38492.0
2026-03-21,38423.0,70.0,17391.0,38737.0,37579.0,38446.0
2026-03-22,38395.0,70.0,18354.0,38805.0,37477.0,38518.0
2026-03-23,38494.0,70.0,20907.0,38765.0,37582.0,38569.0
2026-03-24,38550.0,70.0,17648.0,38773.0,37870.0,38564.0
2026-03-25,38484.0,70.0,17045.0,38591.0,37939.0,38538.0
2026-03-26,38491.0,70.0,16799.0,38520.0,38121.0,38643.0
2026-03-27,38520.0,70.0,17276.0,38531.0,38160.0,38551.0
2026-03-28,38537.0,70.0,16949.0,38742.0,38074.0,38523.0
2026-03-29,38491.0,70.0,17908.0,38699.0,37987.0,38517.0
2026-03-30,38708.0,70.0,20757.0,38788.0,38250.0,38640.0
2026-03-31,38691.0,71.0,17389.0,38878.0,38192.0,38625.0
2026-04-01,38600.0,71.0,17974.0,38884.0,38193.0,38625.0
2026-04-02,38564.0,71.0,18327.0,38815.0,38184.0,38498.0
2026-04-03,38570.0,71.0,18825.0,38815.0,38091.0,38536.0
2026-04-04,38549.0,71.0,18288.0,38765.0,37993.0,38601.0
2026-04-05,38610.0,71.0,18096.0,38847.0,38106.0,38504.0
2026-04-06,38740.0,71.0,21575.0,38934.0,38089.0,38788.0
2026-04-07,38825.0,71.0,17500.0,39099.0,38133.0,38697.0
2026-04-08,38731.0,71.0,16795.0,39008.0,38214.0,38680.0
2026-04-09,38722.0,71.0,16734.0,39053.0,38177.0,38669.0
2026-04-10,38685.0,71.0,18220.0,38999.0,38219.0,38627.0
2026-04-11,38718.0,71.0,17528.0,39039.0,38240.0,38572.0
2026-04-12,38657.0,71.0,18884.0,38973.0,38169.0,38513.0
2026-04-13,38683.0,71.0,20785.0,38999.0,38160.0,38358.0
2026-04-14,38604.0,71.0,18850.0,38829.0,38125.0,38421.0
2026-04-15,38423.0,71.0,18126.0,38511.0,38061.0,38273.0
2026-04-16,38355.0,70.0,17220.0,38610.0,37995.0,38321.0
2026-04-17,38266.0,70.0,17202.0,38464.0,37789.0,38185.0
2026-04-18,38192.0,70.0,17517.0,38275.0,37935.0,38093.0
2026-04-19,38285.0,71.0,17772.0,38436.0,38084.0,37975.0
2026-04-20,38267.0,71.0,21268.0,38543.0,38009.0,38044.0
2026-04-21,38233.0,71.0,17585.0,38458.0,37812.0,38112.0
2026-04-22,38199.0,71.0,15727.0,38393.0,37858.0,38166.0
2026-04-23,38134.0,71.0,16560.0,38363.0,37911.0,38106.0
2026-04-24,38121.0,71.0,17066.0,38241.0,37890.0,38092.0
2026-04-25,37971.0,71.0,17107.0,38098.0,37712.0,38082.0
2026-04-26,38033.0,71.0,17759.0,38227.0,37587.0,37978.0
2026-04-27,38022.0,71.0,21059.0,38357.0,37471.0,38003.0
2026-04-28,37983.0,71.0,16430.0,38241.0,37370.0,37898.0
2026-04-29,37870.0,71.0,18489.0,38279.0,37344.0,37790.0
2026-04-30,37837.0,70.0,22696.0,38201.0,37388.0,37756.0
2026-05-01,37761.0,71.0,31618.0,38049.0,37436.0,37551.0
2026-05-02,37867.0,70.0,27929.0,38131.0,37485.0,37387.0
2026-05-03,37900.0,70.0,29313.0,38139.0,37475.0,37687.0
2026-05-04,38068.0,71.0,20608.0,38400.0,37616.0,37991.0
2026-05-05,38050.0,71.0,15412.0,38402.0,37540.0,37984.0
2026-05-06,37899.0,70.0,15869.0,38111.0,37473.0,37766.0
2026-05-07,38009.0,71.0,17449.0,38197.0,37608.0,37925.0
2026-05-08,37971.0,71.0,18208.0,38202.0,37490.0,37921.0
2026-05-09,37961.0,71.0,18584.0,38167.0,37418.0,37900.0
2026-05-10,37922.0,71.0,18237.0,38137.0,37293.0,37979.0
2026-05-11,37984.0,70.0,22242.0,38167.0,37453.0,37953.0
2026-05-12,37953.0,71.0,17153.0,38212.0,37511.0,37909.0
2026-05-13,37986.0,71.0,17846.0,38111.0,37540.0,37974.0
2026-05-14,37979.0,71.0,18877.0,38138.0,37433.0,37954.0
2026-05-15,37981.0,71.0,19581.0,38204.0,37518.0,37947.0
2026-05-16,37997.0,71.0,19469.0,38279.0,37525.0,37930.0
2026-05-17,37988.0,71.0,20919.0,38185.0,37475.0,37959.0
2026-05-18,38192.0,71.0,22925.0,38479.0,37658.0,38248.0
2026-05-19,38229.0,71.0,18969.0,38421.0,37649.0,38285.0
2026-05-20,38141.0,71.0,18762.0,38390.0,37603.0,38115.0
2026-05-21,38143.0,71.0,18680.0,38317.0,37808.0,38129.0
2026-05-22,38029.0,71.0,19232.0,38139.0,37814.0,38120.0
2026-05-23,38090.0,71.0,19908.0,38161.0,37873.0,38078.0
2026-05-24,38100.0,71.0,20768.0,38305.0,37750.0,38046.0
2026-05-25,38152.0,71.0,23770.0,38365.0,37868.0,38084.0
2026-05-26,38215.0,71.0,19694.0,38457.0,37707.0,38354.0
2026-05-27,38316.0,71.0,19722.0,38599.0,37746.0,38471.0
2026-05-28,38294.0,71.0,19173.0,38478.0,37798.0,38344.0
2026-05-29,38227.0,71.0,19194.0,38344.0,37709.0,38307.0
2026-05-30,38177.0,71.0,19468.0,38366.0,37663.0,38398.0
2026-05-31,38182.0,70.0,20700.0,38352.0,37768.0,38225.0
2026-06-01,38182.0,71.0,23565.0,38440.0,37736.0,38191.0
2026-06-02,38134.0,71.0,19328.0,38262.0,37609.0,38172.0
2026-06-03,38065.0,71.0,19288.0,38252.0,37573.0,38221.0
2026-06-04,37964.0,71.0,22437.0,38115.0,37531.0,38108.0
2026-06-05,37856.0,70.0,26540.0,37691.0,37438.0,37897.0
2026-06-06,37545.0,71.0,24964.0,37621.0,37314.0,37491.0
2026-06-07,37463.0,71.0,26024.0,37543.0,37316.0,37374.0
2026-06-08,37514.0,71.0,23283.0,37725.0,37393.0,37396.0
2026-06-09,37462.0,71.0,18387.0,37517.0,37068.0,37554.0
2026-06-10,37556.0,71.0,18379.0,37571.0,37134.0,37677.0
2026-06-11,37549.0,71.0,17803.0,37484.0,37079.0,37757.0
2026-06-12,37515.0,70.0,17925.0,37535.0,37202.0,37637.0
2026-06-13,37388.0,71.0,18130.0,37352.0,37158.0,37771.0
2026-06-14,37398.0,71.0,20210.0,37433.0,36943.0,37547.0
2026-06-15,37404.0,71.0,23147.0,37328.0,37044.0,37577.0
2026-06-16,37843.0,71.0,23149.0,37975.0,37369.0,37770.0
2026-06-17,38321.0,71.0,21284.0,38659.0,37779.0,38308.0
2026-06-18,38783.0,71.0,20420.0,39010.0,38033.0,38796.0
2026-06-19,38878.0,71.0,19435.0,39053.0,38200.0,39043.0
2026-06-20,38698.0,71.0,20352.0,38794.0,38207.0,38659.0
2026-06-21,38421.0,71.0,21127.0,38504.0,37996.0,38477.0
2026-06-22,38531.0,70.0,23876.0,38688.0,37933.0,38591.0
2026-06-23,38513.0,71.0,19465.0,38613.0,37991.0,38513.0
2026-06-24,38444.0,71.0,18650.0,38422.0,37929.0,38447.0
2026-06-25,38380.0,71.0,20814.0,38486.0,38025.0,38613.0
2026-06-26,38239.0,71.0,20967.0,38172.0,37808.0,38408.0
2026-06-27,38097.0,71.0,20974.0,38122.0,37707.0,38381.0
2026-06-28,38179.0,71.0,22598.0,38282.0,37744.0,38473.0
2026-06-29,38378.0,71.0,23785.0,38422.0,37845.0,38506.0
2026-06-30,38350.0,71.0,22331.0,38461.0,37816.0,38499.0
2026-07-01,38198.0,71.0,22753.0,38326.0,37727.0,38251.0
2026-07-02,38167.0,71.0,26493.0,38323.0,37685.0,38206.0
2026-07-03,38035.0,71.0,34718.0,38176.0,37466.0,38137.0
2026-07-04,38049.0,71.0,34023.0,38073.0,37700.0,38206.0
2026-07-05,38279.0,71.0,30781.0,38483.0,37844.0,38253.0
2026-07-06,38515.0,71.0,22185.0,38699.0,37825.0,38525.0
2026-07-07,38537.0,71.0,18262.0,39050.0,37877.0,38723.0
2026-07-08,38658.0,71.0,18815.0,39145.0,37846.0,38694.0
2026-07-09,38809.0,71.0,19178.0,39258.0,38072.0,38851.0
2026-07-10,38801.0,71.0,19478.0,39330.0,37834.0,38926.0
2026-07-11,38871.0,71.0,19485.0,39300.0,37951.0,39121.0
2026-07-12,38787.0,70.0,20334.0,39196.0,38047.0,39111.0
2026-07-13,38951.0,70.0,21475.0,39295.0,38256.0,39128.0
2026-07-14,39069.0,71.0,18481.0,39392.0,38554.0,39211.0
2026-07-15,39143.0,71.0,18494.0,39224.0,38463.0,39213.0
2026-07-16,39306.0,71.0,18927.0,39491.0,38497.0,39464.0
2026-07-17,39438.0,71.0,18771.0,39551.0,38825.0,39491.0
2026-07-18,39567.0,71.0,19225.0,39520.0,39213.0,39523.0
2026-07-19,39571.0,71.0,18633.0,39689.0,39185.0,39455.0
2026-07-20,39657.0,71.0,22454.0,39929.0,39111.0,39346.0
2026-07-21,39599.0,71.0,19416.0,39946.0,39077.0,39623.0
2026-07-22,39673.0,71.0,18749.0,40117.0,39024.0,39807.0
2026-07-23,39953.0,71.0,18963.0,40094.0,39186.0,39898.0
2026-07-24,39872.0,71.0,19397.0,40271.0,39086.0,40025.0
2026-07-25,40147.0,71.0,19403.0,40407.0,39338.0,40139.0
2026-07-26,40227.0,71.0,20450.0,40560.0,39290.0,40339.0
2026-07-27,40372.0,71.0,22738.0,40860.0,39409.0,40359.0
2026-07-28,40487.0,71.0,18927.0,40935.0,39643.0,40433.0
2026-07-29,40541.0,71.0,18549.0,40985.0,39890.0,40354.0
2026-07-30,40692.0,70.0,18366.0,41157.0,39999.0,40564.0
2026-07-31,40928.0,71.0,18968.0,41206.0,40170.0,40774.0
2026-08-01,41079.0,71.0,20720.0,41444.0,40047.0,41274.0
2026-08-02,41171.0,70.0,20819.0,41515.0,40202.0,41436.0
2026-08-03,41411.0,70.0,22969.0,41525.0,40448.0,41649.0
2026-08-04,41253.0,70.0,19343.0,41575.0,40473.0,41439.0
2026-08-05,41290.0,70.0,19747.0,41516.0,40379.0,41472.0
2026-08-06,41246.0,70.0,20065.0,41852.0,40335.0,41549.0
2026-08-07,41281.0,70.0,19212.0,41568.0,39892.0,41478.0
2026-08-08,41377.0,70.0,18656.0,41800.0,40232.0,41427.0
2026-08-09,41435.0,70.0,19888.0,41952.0,40281.0,41408.0
2026-08-10,41506.0,70.0,23234.0,41795.0,40707.0,41435.0
2026-08-11,41327.0,70.0,21079.0,41667.0,40610.0,41487.0
2026-08-12,41407.0,70.0,20987.0,41616.0,40746.0,41410.0
2026-08-13,41356.0,70.0,19572.0,41552.0,40840.0,41356.0
2026-08-14,41420.0,70.0,20523.0,41690.0,40942.0,41370.0
2026-08-15,41385.0,69.0,20212.0,41677.0,40878.0,41315.0
2026-08-16,41332.0,69.0,21433.0,41744.0,40768.0,41304.0
2026-08-17,41432.0,70.0,22972.0,41729.0,40961.0,41296.0
2026-08-18,41622.0,69.0,19826.0,41824.0,40880.0,41697.0
2026-08-19,41418.0,70.0,19136.0,41627.0,40801.0,41621.0
2026-08-20,41646.0,70.0,19011.0,41945.0,40840.0,41702.0
2026-08-21,41723.0,70.0,18883.0,42005.0,41046.0,41769.0
2026-08-22,41571.0,69.0,18957.0,41829.0,40841.0,41721.0
2026-08-23,41640.0,70.0,20058.0,41813.0,41194.0,41752.0
2026-08-24,41749.0,70.0,22584.0,42011.0,41111.0,41883.0
2026-08-25,41835.0,70.0,19297.0,41900.0,41323.0,41883.0
2026-08-26,41877.0,70.0,18545.0,42122.0,41300.0,42009.0
2026-08-27,41855.0,70.0,18050.0,41864.0,41307.0,41852.0
2026-08-28,41788.0,70.0,18910.0,41789.0,41188.0,41812.0
2026-08-29,42313.0,68.0,19510.0,42396.0,41908.0,42140.0
2026-08-30,42617.0,68.0,19690.0,42808.0,42125.0,42242.0
2026-08-31,42716.0,64.0,21478.0,43066.0,42259.0,42696.0
2026-09-01,42647.0,56.0,18526.0,43151.0,41934.0,42466.0
2026-09-02,42084.0,45.0,15781.0,42236.0,41103.0,42448.0
2026-09-03,41842.0,36.0,15442.0,42187.0,41005.0,41838.0
2026-09-04,41605.0,30.0,16895.0,41844.0,41017.0,41627.0
2026-09-05,41525.0,21.0,11831.0,42053.0,40673.0,41485.0
2026-09-06,41592.0,21.0,11235.0,42113.0,40695.0,42432.0
2026-09-07,42083.0,20.0,8148.0,42886.0,40921.0,42396.0
2026-09-08,42144.0,20.0,6107.0,42751.0,40979.0,42300.0
2026-09-09,42410.0,20.0,6168.0,43004.0,40948.0,42248.0
2026-09-10,42377.0,20.0,6194.0,43001.0,40917.0,42297.0
2026-09-11,42573.0,20.0,6495.0,43107.0,40907.0,42520.0
2026-09-12,42545.0,18.0,6100.0,43458.0,40883.0,42502.0
2026-09-13,42118.0,14.0,4865.0,43453.0,41105.0,42465.0
