world,side,year,period,months,referenceMonths,meanPrice,meanYoYPct,endPrice,endMonth,decemberPrice,endVsDecemberPct,janToEndPct,observed.months,observed.meanPrice,observed.meanYoYPct,observed.endPrice,observed.decemberPrice,observed.endVsDecemberPct,observed.janToEndPct
Antica,ask,2023,Jan–12,12,12,36156.47916667,,37938.00000000,12,,,29.07374330,12,36156.47916667,,37938.00000000,,,29.07374330
Antica,ask,2024,Jan–12,12,12,34809.16666667,-3.72633766,39499.00000000,12,37938.00000000,4.11460804,11.53656092,12,34809.16666667,-3.72633766,39499.00000000,37938.00000000,4.11460804,11.53656092
Antica,ask,2025,Jan–12,12,12,37277.20833333,7.09020612,40172.50000000,12,39499.00000000,1.70510646,3.86932465,12,37277.20833333,7.09020612,40172.50000000,39499.00000000,1.70510646,3.86932465
Antica,ask,2026,Jan–08,8,8,38349.62500000,5.83367255,41249.00000000,8,40172.50000000,2.67969382,7.08602137,8,38349.62500000,5.83367255,41249.00000000,40172.50000000,2.67969382,7.08602137
Antica,bid,2023,Jan–12,12,12,35641.43750000,,37214.00000000,12,,,27.72734293,12,35641.43750000,,37214.00000000,,,27.72734293
Antica,bid,2024,Jan–12,12,12,34153.66666667,-4.17427281,38711.00000000,12,37214.00000000,4.02267964,11.17940175,12,34153.66666667,-4.17427281,38711.00000000,37214.00000000,4.02267964,11.17940175
Antica,bid,2025,Jan–12,12,12,36566.95833333,7.06598120,39600.50000000,12,38711.00000000,2.29779649,4.48405055,12,36566.95833333,7.06598120,39600.50000000,38711.00000000,2.29779649,4.48405055
Antica,bid,2026,Jan–08,8,8,37769.56250000,6.42273731,40803.00000000,8,39600.50000000,3.03657782,7.91018724,8,37769.56250000,6.42273731,40803.00000000,39600.50000000,3.03657782,7.91018724
Astera,ask,2023,Jan–12,0,12,,,,12,,,,0,,,,,,
Astera,ask,2024,Jan–12,0,12,,,,12,,,,7,,,43311.00000000,,,
Astera,ask,2025,Jan–12,0,12,,,,12,,,,12,41995.54166667,,43777.00000000,43311.00000000,1.07593914,4.55707086
Astera,ask,2026,Jan–08,0,8,,,,8,,,,8,42503.31250000,3.21677324,44914.50000000,43777.00000000,2.59839642,5.49872573
Astera,bid,2023,Jan–12,0,12,,,,12,,,,0,,,,,,
Astera,bid,2024,Jan–12,0,12,,,,12,,,,7,,,41740.00000000,,,
Astera,bid,2025,Jan–12,0,12,,,,12,,,,12,40574.08333333,,42151.00000000,41740.00000000,0.98466699,4.48804551
Astera,bid,2026,Jan–08,0,8,,,,8,,,,8,41224.18750000,3.79155048,43698.50000000,42151.00000000,3.67132452,7.33831151
Belobra,ask,2023,Jan–12,0,12,,,,12,,,,0,,,,,,
Belobra,ask,2024,Jan–12,0,12,,,,12,,,,9,,,,,,
Belobra,ask,2025,Jan–12,0,12,,,,12,,,,11,,,44276.50000000,,,
Belobra,ask,2026,Jan–08,0,8,,,,8,,,,8,42399.25000000,,44702.00000000,44276.50000000,0.96100640,6.46121603
Belobra,bid,2023,Jan–12,0,12,,,,12,,,,0,,,,,,
Belobra,bid,2024,Jan–12,0,12,,,,12,,,,9,,,,,,
Belobra,bid,2025,Jan–12,0,12,,,,12,,,,11,,,43506.50000000,,,
Belobra,bid,2026,Jan–08,0,8,,,,8,,,,8,41588.06250000,,43679.50000000,43506.50000000,0.39764173,5.76150121
Celebra,ask,2023,Jan–12,0,12,,,,12,,,,0,,,,,,
Celebra,ask,2024,Jan–12,0,12,,,,12,,,,0,,,,,,
Celebra,ask,2025,Jan–12,0,12,,,,12,,,,3,,,43992.50000000,,,
Celebra,ask,2026,Jan–08,0,8,,,,8,,,,8,42654.62500000,,44719.50000000,43992.50000000,1.65255441,4.67802720
Celebra,bid,2023,Jan–12,0,12,,,,12,,,,0,,,,,,
Celebra,bid,2024,Jan–12,0,12,,,,12,,,,0,,,,,,
Celebra,bid,2025,Jan–12,0,12,,,,12,,,,3,,,43000.00000000,,,
Celebra,bid,2026,Jan–08,0,8,,,,8,,,,8,41508.68750000,,43762.00000000,43000.00000000,1.77209302,5.19711538
Collabra,ask,2023,Jan–12,0,12,,,,12,,,,0,,,,,,
Collabra,ask,2024,Jan–12,0,12,,,,12,,,,0,,,,,,
Collabra,ask,2025,Jan–12,0,12,,,,12,,,,4,,,43497.50000000,,,
Collabra,ask,2026,Jan–08,0,8,,,,8,,,,8,39222.62500000,,41988.00000000,43497.50000000,-3.47031439,3.91011681
Collabra,bid,2023,Jan–12,0,12,,,,12,,,,0,,,,,,
Collabra,bid,2024,Jan–12,0,12,,,,12,,,,0,,,,,,
Collabra,bid,2025,Jan–12,0,12,,,,12,,,,4,,,42078.00000000,,,
Collabra,bid,2026,Jan–08,0,8,,,,8,,,,8,38042.25000000,,40728.00000000,42078.00000000,-3.20832739,4.42541408
Descubra,ask,2023,Jan–12,0,12,,,,12,,,,0,,,,,,
Descubra,ask,2024,Jan–12,0,12,,,,12,,,,0,,,,,,
Descubra,ask,2025,Jan–12,0,12,,,,12,,,,12,40952.66666667,,42594.00000000,,,2.15980908
Descubra,ask,2026,Jan–08,0,8,,,,8,,,,8,39356.81250000,-1.86327757,41466.50000000,42594.00000000,-2.64708644,1.23780808
Descubra,bid,2023,Jan–12,0,12,,,,12,,,,0,,,,,,
Descubra,bid,2024,Jan–12,0,12,,,,12,,,,0,,,,,,
Descubra,bid,2025,Jan–12,0,12,,,,12,,,,12,39484.37500000,,41323.00000000,,,1.03422983
Descubra,bid,2026,Jan–08,0,8,,,,8,,,,8,38051.12500000,-1.81748397,40452.00000000,41323.00000000,-2.10778501,3.11364882
Dracobra,ask,2023,Jan–12,0,12,,,,12,,,,0,,,,,,
Dracobra,ask,2024,Jan–12,0,12,,,,12,,,,0,,,,,,
Dracobra,ask,2025,Jan–12,0,12,,,,12,,,,0,,,,,,
Dracobra,ask,2026,Jan–08,0,8,,,,8,,,,6,,,42348.00000000,,,
Dracobra,bid,2023,Jan–12,0,12,,,,12,,,,0,,,,,,
Dracobra,bid,2024,Jan–12,0,12,,,,12,,,,0,,,,,,
Dracobra,bid,2025,Jan–12,0,12,,,,12,,,,0,,,,,,
Dracobra,bid,2026,Jan–08,0,8,,,,8,,,,6,,,39012.00000000,,,
Etebra,ask,2023,Jan–12,0,12,,,,12,,,,0,,,,,,
Etebra,ask,2024,Jan–12,0,12,,,,12,,,,0,,,,,,
Etebra,ask,2025,Jan–12,0,12,,,,12,,,,4,,,43280.00000000,,,
Etebra,ask,2026,Jan–08,0,8,,,,8,,,,8,39413.62500000,,41944.00000000,43280.00000000,-3.08687616,4.23977335
Etebra,bid,2023,Jan–12,0,12,,,,12,,,,0,,,,,,
Etebra,bid,2024,Jan–12,0,12,,,,12,,,,0,,,,,,
Etebra,bid,2025,Jan–12,0,12,,,,12,,,,4,,,41260.00000000,,,
Etebra,bid,2026,Jan–08,0,8,,,,8,,,,8,38004.87500000,,40877.00000000,41260.00000000,-0.92825982,5.89073388
Ferobra,ask,2023,Jan–12,0,12,,,,12,,,,0,,,,,,
Ferobra,ask,2024,Jan–12,0,12,,,,12,,,,0,,,,,,
Ferobra,ask,2025,Jan–12,0,12,,,,12,,,,4,,,40870.50000000,,,
Ferobra,ask,2026,Jan–08,0,8,,,,8,,,,8,38965.81250000,,42251.00000000,40870.50000000,3.37774189,8.79899058
Ferobra,bid,2023,Jan–12,0,12,,,,12,,,,0,,,,,,
Ferobra,bid,2024,Jan–12,0,12,,,,12,,,,0,,,,,,
Ferobra,bid,2025,Jan–12,0,12,,,,12,,,,4,,,39432.50000000,,,
Ferobra,bid,2026,Jan–08,0,8,,,,8,,,,8,37730.06250000,,40567.00000000,39432.50000000,2.87706841,8.73539187
Floribra,ask,2023,Jan–12,0,12,,,,12,,,,0,,,,,,
Floribra,ask,2024,Jan–12,0,12,,,,12,,,,0,,,,,,
Floribra,ask,2025,Jan–12,0,12,,,,12,,,,0,,,,,,
Floribra,ask,2026,Jan–08,0,8,,,,8,,,,3,,,17933.00000000,,,
Floribra,bid,2023,Jan–12,0,12,,,,12,,,,0,,,,,,
Floribra,bid,2024,Jan–12,0,12,,,,12,,,,0,,,,,,
Floribra,bid,2025,Jan–12,0,12,,,,12,,,,0,,,,,,
Floribra,bid,2026,Jan–08,0,8,,,,8,,,,3,,,16462.50000000,,,
Gentebra,ask,2023,Jan–12,0,12,,,,12,,,,0,,,,,,
Gentebra,ask,2024,Jan–12,0,12,,,,12,,,,0,,,,,,
Gentebra,ask,2025,Jan–12,0,12,,,,12,,,,12,42454.08333333,,44742.00000000,,,4.07536636
Gentebra,ask,2026,Jan–08,0,8,,,,8,,,,8,42579.50000000,2.38487052,44939.00000000,44742.00000000,0.44030218,6.62443353
Gentebra,bid,2023,Jan–12,0,12,,,,12,,,,0,,,,,,
Gentebra,bid,2024,Jan–12,0,12,,,,12,,,,0,,,,,,
Gentebra,bid,2025,Jan–12,0,12,,,,12,,,,12,41293.37500000,,43357.50000000,,,4.15965983
Gentebra,bid,2026,Jan–08,0,8,,,,8,,,,8,41505.31250000,2.44715545,43836.00000000,43357.50000000,1.10361529,6.23947263
Honbra,ask,2023,Jan–12,0,12,,,,12,,,,0,,,,,,
Honbra,ask,2024,Jan–12,0,12,,,,12,,,,0,,,,,,
Honbra,ask,2025,Jan–12,0,12,,,,12,,,,12,38082.33333333,,40396.00000000,,,0.82867412
Honbra,ask,2026,Jan–08,0,8,,,,8,,,,8,38750.06250000,4.74936221,41495.00000000,40396.00000000,2.72056639,7.26102466
Honbra,bid,2023,Jan–12,0,12,,,,12,,,,0,,,,,,
Honbra,bid,2024,Jan–12,0,12,,,,12,,,,0,,,,,,
Honbra,bid,2025,Jan–12,0,12,,,,12,,,,12,36826.79166667,,39951.00000000,,,6.20464152
Honbra,bid,2026,Jan–08,0,8,,,,8,,,,8,37529.50000000,5.15318407,40400.00000000,39951.00000000,1.12387675,7.15896130
Inabra,ask,2023,Jan–12,0,12,,,,12,,,,0,,,,,,
Inabra,ask,2024,Jan–12,0,12,,,,12,,,,10,,,40321.00000000,,,
Inabra,ask,2025,Jan–12,3,12,,,40551.00000000,12,,,,12,38043.54166667,,40551.00000000,40321.00000000,0.57042236,1.41553082
Inabra,ask,2026,Jan–08,2,8,,,,8,40551.00000000,,,8,38849.06250000,4.87929984,42046.50000000,40551.00000000,3.68794851,7.90561002
Inabra,bid,2023,Jan–12,0,12,,,,12,,,,0,,,,,,
Inabra,bid,2024,Jan–12,0,12,,,,12,,,,10,,,39480.00000000,,,
Inabra,bid,2025,Jan–12,3,12,,,39545.00000000,12,,,,12,36909.87500000,,39545.00000000,39480.00000000,0.16464032,1.91747635
Inabra,bid,2026,Jan–08,2,8,,,,8,39545.00000000,,,8,37764.43750000,5.08145917,40629.50000000,39545.00000000,2.74244532,6.69791749
Issobra,ask,2023,Jan–12,0,12,,,,12,,,,0,,,,,,
Issobra,ask,2024,Jan–12,0,12,,,,12,,,,0,,,,,,
Issobra,ask,2025,Jan–12,0,12,,,,12,,,,4,,,43244.00000000,,,
Issobra,ask,2026,Jan–08,0,8,,,,8,,,,8,39246.68750000,,41777.00000000,43244.00000000,-3.39237813,4.01344454
Issobra,bid,2023,Jan–12,0,12,,,,12,,,,0,,,,,,
Issobra,bid,2024,Jan–12,0,12,,,,12,,,,0,,,,,,
Issobra,bid,2025,Jan–12,0,12,,,,12,,,,4,,,42020.50000000,,,
Issobra,bid,2026,Jan–08,0,8,,,,8,,,,8,37790.43750000,,40501.00000000,42020.50000000,-3.61609215,5.28491213
Kalanta,ask,2023,Jan–12,0,12,,,,12,,,,0,,,,,,
Kalanta,ask,2024,Jan–12,0,12,,,,12,,,,0,,,,,,
Kalanta,ask,2025,Jan–12,0,12,,,,12,,,,2,,,39963.00000000,,,
Kalanta,ask,2026,Jan–08,0,8,,,,8,,,,8,38283.18750000,,40500.00000000,39963.00000000,1.34374296,2.79187817
Kalanta,bid,2023,Jan–12,0,12,,,,12,,,,0,,,,,,
Kalanta,bid,2024,Jan–12,0,12,,,,12,,,,0,,,,,,
Kalanta,bid,2025,Jan–12,0,12,,,,12,,,,2,,,37104.50000000,,,
Kalanta,bid,2026,Jan–08,0,8,,,,8,,,,8,36409.68750000,,39165.00000000,37104.50000000,5.55323478,5.85135135
Kalibra,ask,2023,Jan–12,0,12,,,,12,,,,0,,,,,,
Kalibra,ask,2024,Jan–12,0,12,,,,12,,,,0,,,,,,
Kalibra,ask,2025,Jan–12,0,12,,,,12,,,,3,,,44591.50000000,,,
Kalibra,ask,2026,Jan–08,0,8,,,,8,,,,8,42388.18750000,,44773.00000000,44591.50000000,0.40702825,5.89014368
Kalibra,bid,2023,Jan–12,0,12,,,,12,,,,0,,,,,,
Kalibra,bid,2024,Jan–12,0,12,,,,12,,,,0,,,,,,
Kalibra,bid,2025,Jan–12,0,12,,,,12,,,,3,,,43628.50000000,,,
Kalibra,bid,2026,Jan–08,0,8,,,,8,,,,8,41428.87500000,,43592.00000000,43628.50000000,-0.08366091,6.04906886
Lobera,ask,2023,Jan–12,0,12,,,,12,,,,0,,,,,,
Lobera,ask,2024,Jan–12,0,12,,,,12,,,,10,,,39099.00000000,,,
Lobera,ask,2025,Jan–12,0,12,,,,12,,,,12,37349.70833333,,40100.00000000,39099.00000000,2.56016778,3.50791151
Lobera,ask,2026,Jan–08,0,8,,,,8,,,,8,38360.68750000,5.96783522,41276.00000000,40100.00000000,2.93266833,6.63153272
Lobera,bid,2023,Jan–12,0,12,,,,12,,,,0,,,,,,
Lobera,bid,2024,Jan–12,0,12,,,,12,,,,10,,,37618.50000000,,,
Lobera,bid,2025,Jan–12,0,12,,,,12,,,,12,36097.33333333,,39000.00000000,37618.50000000,3.67239523,4.01248150
Lobera,bid,2026,Jan–08,0,8,,,,8,,,,8,37234.18750000,6.39213221,39875.00000000,39000.00000000,2.24358974,5.11123998
Luminera,ask,2023,Jan–12,0,12,,,,12,,,,0,,,,,,
Luminera,ask,2024,Jan–12,0,12,,,,12,,,,0,,,,,,
Luminera,ask,2025,Jan–12,0,12,,,,12,,,,3,,,43968.50000000,,,
Luminera,ask,2026,Jan–08,0,8,,,,8,,,,8,42470.68750000,,44729.00000000,43968.50000000,1.72964736,5.62994450
Luminera,bid,2023,Jan–12,0,12,,,,12,,,,0,,,,,,
Luminera,bid,2024,Jan–12,0,12,,,,12,,,,0,,,,,,
Luminera,bid,2025,Jan–12,0,12,,,,12,,,,3,,,42463.00000000,,,
Luminera,bid,2026,Jan–08,0,8,,,,8,,,,8,41402.43750000,,43464.50000000,42463.00000000,2.35852389,4.60770156
Luzibra,ask,2023,Jan–12,0,12,,,,12,,,,0,,,,,,
Luzibra,ask,2024,Jan–12,0,12,,,,12,,,,0,,,,,,
Luzibra,ask,2025,Jan–12,0,12,,,,12,,,,4,,,19788.00000000,,,
Luzibra,ask,2026,Jan–08,0,8,,,,8,,,,8,28209.75000000,,42749.50000000,19788.00000000,116.03749747,71.71922073
Luzibra,bid,2023,Jan–12,0,12,,,,12,,,,0,,,,,,
Luzibra,bid,2024,Jan–12,0,12,,,,12,,,,0,,,,,,
Luzibra,bid,2025,Jan–12,0,12,,,,12,,,,4,,,17148.00000000,,,
Luzibra,bid,2026,Jan–08,0,8,,,,8,,,,8,25782.87500000,,40204.50000000,17148.00000000,134.45591323,82.74772727
Nefera,ask,2023,Jan–12,0,12,,,,12,,,,0,,,,,,
Nefera,ask,2024,Jan–12,6,12,,,,12,,,,12,40967.16666667,,42900.00000000,,,3.13739632
Nefera,ask,2025,Jan–12,0,12,,,,12,,,,12,42013.58333333,2.55428127,44317.00000000,42900.00000000,3.30303030,5.52043525
Nefera,ask,2026,Jan–08,0,8,,,,8,,,,8,42233.31250000,2.80372552,44706.00000000,44317.00000000,0.87776700,6.74785100
Nefera,bid,2023,Jan–12,0,12,,,,12,,,,0,,,,,,
Nefera,bid,2024,Jan–12,6,12,,,,12,,,,12,39585.41666667,,41666.00000000,,,2.80286208
Nefera,bid,2025,Jan–12,0,12,,,,12,,,,12,40725.12500000,2.87911163,42233.00000000,41666.00000000,1.36082177,2.73419446
Nefera,bid,2026,Jan–08,0,8,,,,8,,,,8,41233.37500000,3.42425273,43517.00000000,42233.00000000,3.04027656,6.62795256
Nevia,ask,2023,Jan–12,0,12,,,,12,,,,0,,,,,,
Nevia,ask,2024,Jan–12,0,12,,,,12,,,,0,,,,,,
Nevia,ask,2025,Jan–12,3,12,,,42300.00000000,12,,,,12,40165.45833333,,42300.00000000,,,0.74067018
Nevia,ask,2026,Jan–08,4,8,,,,8,42300.00000000,,,8,38411.31250000,-2.82659086,41000.00000000,42300.00000000,-3.07328605,4.01207555
Nevia,bid,2023,Jan–12,0,12,,,,12,,,,0,,,,,,
Nevia,bid,2024,Jan–12,0,12,,,,12,,,,0,,,,,,
Nevia,bid,2025,Jan–12,3,12,,,40801.00000000,12,,,,12,38942.29166667,,40801.00000000,,,-1.68433735
Nevia,bid,2026,Jan–08,4,8,,,,8,40801.00000000,,,8,37324.43750000,-2.65692569,40030.00000000,40801.00000000,-1.88965957,6.01024880
Ombra,ask,2023,Jan–12,0,12,,,,12,,,,0,,,,,,
Ombra,ask,2024,Jan–12,0,12,,,,12,,,,0,,,,,,
Ombra,ask,2025,Jan–12,0,12,,,,12,,,,3,,,40465.50000000,,,
Ombra,ask,2026,Jan–08,0,8,,,,8,,,,8,38988.37500000,,42584.00000000,40465.50000000,5.23532392,9.20654460
Ombra,bid,2023,Jan–12,0,12,,,,12,,,,0,,,,,,
Ombra,bid,2024,Jan–12,0,12,,,,12,,,,0,,,,,,
Ombra,bid,2025,Jan–12,0,12,,,,12,,,,3,,,39603.00000000,,,
Ombra,bid,2026,Jan–08,0,8,,,,8,,,,8,37549.12500000,,40300.00000000,39603.00000000,1.75996768,6.83704038
Ourobra,ask,2023,Jan–12,0,12,,,,12,,,,0,,,,,,
Ourobra,ask,2024,Jan–12,0,12,,,,12,,,,0,,,,,,
Ourobra,ask,2025,Jan–12,0,12,,,,12,,,,11,,,40606.00000000,,,2.48864210
Ourobra,ask,2026,Jan–08,0,8,,,,8,,,,8,39074.81250000,,41497.50000000,40606.00000000,2.19548835,5.23679706
Ourobra,bid,2023,Jan–12,0,12,,,,12,,,,0,,,,,,
Ourobra,bid,2024,Jan–12,0,12,,,,12,,,,0,,,,,,
Ourobra,bid,2025,Jan–12,0,12,,,,12,,,,11,,,40001.00000000,,,2.52986108
Ourobra,bid,2026,Jan–08,0,8,,,,8,,,,8,37672.93750000,,40322.00000000,40001.00000000,0.80247994,5.69193064
Pacera,ask,2023,Jan–12,0,12,,,,12,,,,0,,,,,,
Pacera,ask,2024,Jan–12,0,12,,,,12,,,,0,,,,,,
Pacera,ask,2025,Jan–12,0,12,,,,12,,,,12,41732.16666667,,43799.00000000,,,4.70339338
Pacera,ask,2026,Jan–08,0,8,,,,8,,,,8,42048.12500000,3.22912271,44496.00000000,43799.00000000,1.59136053,5.82569298
Pacera,bid,2023,Jan–12,0,12,,,,12,,,,0,,,,,,
Pacera,bid,2024,Jan–12,0,12,,,,12,,,,0,,,,,,
Pacera,bid,2025,Jan–12,0,12,,,,12,,,,12,40339.29166667,,42750.00000000,,,5.44620394
Pacera,bid,2026,Jan–08,0,8,,,,8,,,,8,40801.06250000,3.53398865,43507.00000000,42750.00000000,1.77076023,6.23641736
Peloria,ask,2023,Jan–12,0,12,,,,12,,,,0,,,,,,
Peloria,ask,2024,Jan–12,10,12,,,39471.00000000,12,,,,10,,,39471.00000000,,,
Peloria,ask,2025,Jan–12,1,12,,,,12,39471.00000000,,,12,37436.08333333,,40000.00000000,39471.00000000,1.34022447,2.56936253
Peloria,ask,2026,Jan–08,0,8,,,,8,,,,8,38427.43750000,5.70110216,41500.00000000,40000.00000000,3.75000000,7.55196185
Peloria,bid,2023,Jan–12,0,12,,,,12,,,,0,,,,,,
Peloria,bid,2024,Jan–12,10,12,,,38101.00000000,12,,,,10,,,38101.00000000,,,
Peloria,bid,2025,Jan–12,1,12,,,,12,38101.00000000,,,12,36273.45833333,,39050.00000000,38101.00000000,2.49074827,3.86190755
Peloria,bid,2026,Jan–08,0,8,,,,8,,,,8,37230.18750000,5.92349179,39800.00000000,39050.00000000,1.92061460,5.53390078
Quelibra,ask,2023,Jan–12,0,12,,,,12,,,,0,,,,,,
Quelibra,ask,2024,Jan–12,0,12,,,,12,,,,0,,,,,,
Quelibra,ask,2025,Jan–12,0,12,,,,12,,,,3,,,40591.50000000,,,
Quelibra,ask,2026,Jan–08,6,8,,,42110.00000000,8,,,,8,38874.87500000,,42110.00000000,40591.50000000,3.74093098,8.14767255
Quelibra,bid,2023,Jan–12,0,12,,,,12,,,,0,,,,,,
Quelibra,bid,2024,Jan–12,0,12,,,,12,,,,0,,,,,,
Quelibra,bid,2025,Jan–12,0,12,,,,12,,,,3,,,39255.00000000,,,
Quelibra,bid,2026,Jan–08,6,8,,,40514.00000000,8,,,,8,37629.81250000,,40514.00000000,39255.00000000,3.20723475,6.39739482
Rasteibra,ask,2023,Jan–12,0,12,,,,12,,,,0,,,,,,
Rasteibra,ask,2024,Jan–12,0,12,,,,12,,,,0,,,,,,
Rasteibra,ask,2025,Jan–12,0,12,,,,12,,,,12,37906.70833333,,40488.50000000,,,2.37553415
Rasteibra,ask,2026,Jan–08,0,8,,,,8,,,,8,38867.12500000,5.31579972,41897.00000000,40488.50000000,3.47876558,7.62828335
Rasteibra,bid,2023,Jan–12,0,12,,,,12,,,,0,,,,,,
Rasteibra,bid,2024,Jan–12,0,12,,,,12,,,,0,,,,,,
Rasteibra,bid,2025,Jan–12,0,12,,,,12,,,,12,37070.08333333,,39328.00000000,,,0.91865538
Rasteibra,bid,2026,Jan–08,0,8,,,,8,,,,8,37711.43750000,4.49891411,40331.50000000,39328.00000000,2.55161717,6.06853566
Refugia,ask,2023,Jan–12,0,12,,,,12,,,,0,,,,,,
Refugia,ask,2024,Jan–12,0,12,,,,12,,,,0,,,,,,
Refugia,ask,2025,Jan–12,0,12,,,,12,,,,12,41652.91666667,,43859.50000000,,,2.45033345
Refugia,ask,2026,Jan–08,0,8,,,,8,,,,8,41912.18750000,2.57965432,44176.00000000,43859.50000000,0.72162245,6.05845988
Refugia,bid,2023,Jan–12,0,12,,,,12,,,,0,,,,,,
Refugia,bid,2024,Jan–12,0,12,,,,12,,,,0,,,,,,
Refugia,bid,2025,Jan–12,0,12,,,,12,,,,12,40269.25000000,,41851.00000000,,,1.68746128
Refugia,bid,2026,Jan–08,0,8,,,,8,,,,8,40780.50000000,2.97147204,43089.00000000,41851.00000000,2.95811331,6.65462061
Secura,ask,2023,Jan–12,0,12,,,,12,,,,0,,,,,,
Secura,ask,2024,Jan–12,10,12,,,42895.00000000,12,,,,12,40798.66666667,,42895.00000000,,,4.69472682
Secura,ask,2025,Jan–12,10,12,,,,12,42895.00000000,,,12,41894.91666667,2.68697506,44904.50000000,42895.00000000,4.68469519,6.95749521
Secura,ask,2026,Jan–08,8,8,42129.50000000,,44416.00000000,8,,,5.61282115,8,42129.50000000,2.96976465,44416.00000000,44904.50000000,-1.08786425,5.61282115
Secura,bid,2023,Jan–12,0,12,,,,12,,,,0,,,,,,
Secura,bid,2024,Jan–12,10,12,,,42081.00000000,12,,,,12,39918.33333333,,42081.00000000,,,4.15960199
Secura,bid,2025,Jan–12,10,12,,,,12,42081.00000000,,,12,41234.04166667,3.29600017,44193.00000000,42081.00000000,5.01889214,7.19171437
Secura,bid,2026,Jan–08,8,8,41476.93750000,,43736.50000000,8,,,5.98676877,8,41476.93750000,2.99695338,43736.50000000,44193.00000000,-1.03296902,5.98676877
Serdebra,ask,2023,Jan–12,0,12,,,,12,,,,0,,,,,,
Serdebra,ask,2024,Jan–12,0,12,,,,12,,,,0,,,,,,
Serdebra,ask,2025,Jan–12,0,12,,,,12,,,,12,38062.45833333,,40498.00000000,,,2.01778472
Serdebra,ask,2026,Jan–08,0,8,,,,8,,,,8,38997.43750000,5.21399978,41964.50000000,40498.00000000,3.62116648,7.61783864
Serdebra,bid,2023,Jan–12,0,12,,,,12,,,,0,,,,,,
Serdebra,bid,2024,Jan–12,0,12,,,,12,,,,0,,,,,,
Serdebra,bid,2025,Jan–12,0,12,,,,12,,,,12,36820.62500000,,39282.00000000,,,1.28142323
Serdebra,bid,2026,Jan–08,0,8,,,,8,,,,8,37561.87500000,4.89744838,40558.50000000,39282.00000000,3.24957996,7.47105117
Talera,ask,2023,Jan–12,0,12,,,,12,,,,0,,,,,,
Talera,ask,2024,Jan–12,0,12,,,,12,,,,0,,,,,,
Talera,ask,2025,Jan–12,0,12,,,,12,,,,12,37843.75000000,,39650.00000000,,,1.71361141
Talera,ask,2026,Jan–08,0,8,,,,8,,,,8,38430.06250000,4.29295199,41429.00000000,39650.00000000,4.48675914,7.62037121
Talera,bid,2023,Jan–12,0,12,,,,12,,,,0,,,,,,
Talera,bid,2024,Jan–12,0,12,,,,12,,,,0,,,,,,
Talera,bid,2025,Jan–12,0,12,,,,12,,,,12,36374.66666667,,38402.00000000,,,0.73184167
Talera,bid,2026,Jan–08,0,8,,,,8,,,,8,37269.75000000,5.14589196,40043.00000000,38402.00000000,4.27321494,6.87253123
Terribra,ask,2023,Jan–12,0,12,,,,12,,,,0,,,,,,
Terribra,ask,2024,Jan–12,0,12,,,,12,,,,0,,,,,,
Terribra,ask,2025,Jan–12,0,12,,,,12,,,,2,,,39834.00000000,,,
Terribra,ask,2026,Jan–08,0,8,,,,8,,,,8,38523.87500000,,39241.00000000,39834.00000000,-1.48867801,0.81958789
Terribra,bid,2023,Jan–12,0,12,,,,12,,,,0,,,,,,
Terribra,bid,2024,Jan–12,0,12,,,,12,,,,0,,,,,,
Terribra,bid,2025,Jan–12,0,12,,,,12,,,,2,,,39004.50000000,,,
Terribra,bid,2026,Jan–08,0,8,,,,8,,,,8,37373.75000000,,38111.00000000,39004.50000000,-2.29076132,-0.32431019
Tornabra,ask,2023,Jan–12,0,12,,,,12,,,,0,,,,,,
Tornabra,ask,2024,Jan–12,0,12,,,,12,,,,0,,,,,,
Tornabra,ask,2025,Jan–12,0,12,,,,12,,,,3,,,40753.00000000,,,
Tornabra,ask,2026,Jan–08,0,8,,,,8,,,,8,39060.62500000,,41607.50000000,40753.00000000,2.09677815,6.68589744
Tornabra,bid,2023,Jan–12,0,12,,,,12,,,,0,,,,,,
Tornabra,bid,2024,Jan–12,0,12,,,,12,,,,0,,,,,,
Tornabra,bid,2025,Jan–12,0,12,,,,12,,,,3,,,38810.00000000,,,
Tornabra,bid,2026,Jan–08,0,8,,,,8,,,,8,37468.87500000,,40062.50000000,38810.00000000,3.22726102,5.15091864
Unebra,ask,2023,Jan–12,0,12,,,,12,,,,0,,,,,,
Unebra,ask,2024,Jan–12,0,12,,,,12,,,,0,,,,,,
Unebra,ask,2025,Jan–12,0,12,,,,12,,,,3,,,41499.00000000,,,
Unebra,ask,2026,Jan–08,0,8,,,,8,,,,8,39221.25000000,,42824.00000000,41499.00000000,3.19284802,7.06267657
Unebra,bid,2023,Jan–12,0,12,,,,12,,,,0,,,,,,
Unebra,bid,2024,Jan–12,0,12,,,,12,,,,0,,,,,,
Unebra,bid,2025,Jan–12,0,12,,,,12,,,,3,,,37503.00000000,,,
Unebra,bid,2026,Jan–08,0,8,,,,8,,,,8,37723.93750000,,40273.00000000,37503.00000000,7.38607578,5.94533449
Ustebra,ask,2023,Jan–12,0,12,,,,12,,,,0,,,,,,
Ustebra,ask,2024,Jan–12,0,12,,,,12,,,,0,,,,,,
Ustebra,ask,2025,Jan–12,0,12,,,,12,,,,12,41056.79166667,,42511.00000000,,,0.20743465
Ustebra,ask,2026,Jan–08,0,8,,,,8,,,,8,39182.50000000,-2.68239677,41700.50000000,42511.00000000,-1.90656536,3.06089664
Ustebra,bid,2023,Jan–12,0,12,,,,12,,,,0,,,,,,
Ustebra,bid,2024,Jan–12,0,12,,,,12,,,,0,,,,,,
Ustebra,bid,2025,Jan–12,0,12,,,,12,,,,12,39654.08333333,,41011.00000000,,,-2.19291447
Ustebra,bid,2026,Jan–08,0,8,,,,8,,,,8,38000.06250000,-2.42289335,40776.00000000,41011.00000000,-0.57301700,4.76068135
Venebra,ask,2023,Jan–12,0,12,,,,12,,,,0,,,,,,
Venebra,ask,2024,Jan–12,0,12,,,,12,,,,0,,,,,,
Venebra,ask,2025,Jan–12,0,12,,,,12,,,,4,,,43185.00000000,,,
Venebra,ask,2026,Jan–08,0,8,,,,8,,,,8,39309.31250000,,41783.00000000,43185.00000000,-3.24649763,3.71593109
Venebra,bid,2023,Jan–12,0,12,,,,12,,,,0,,,,,,
Venebra,bid,2024,Jan–12,0,12,,,,12,,,,0,,,,,,
Venebra,bid,2025,Jan–12,0,12,,,,12,,,,4,,,41507.00000000,,,
Venebra,bid,2026,Jan–08,0,8,,,,8,,,,8,38112.56250000,,40349.00000000,41507.00000000,-2.78989086,3.28682964
Vunira,ask,2023,Jan–12,2,12,,,38020.50000000,12,,,,2,,,38020.50000000,,,
Vunira,ask,2024,Jan–12,12,12,34901.04166667,,39452.00000000,12,38020.50000000,3.76507410,12.73288376,12,34901.04166667,,39452.00000000,38020.50000000,3.76507410,12.73288376
Vunira,ask,2025,Jan–12,1,12,,,,12,39452.00000000,,,12,37463.08333333,7.34087450,39895.00000000,39452.00000000,1.12288350,2.88978581
Vunira,ask,2026,Jan–08,0,8,,,,8,,,,8,38525.00000000,5.59658473,41385.50000000,39895.00000000,3.73605715,6.84264877
Vunira,bid,2023,Jan–12,2,12,,,37113.00000000,12,,,,2,,,37113.00000000,,,
Vunira,bid,2024,Jan–12,12,12,33605.25000000,,38204.00000000,12,37113.00000000,2.93967074,13.47947484,12,33605.25000000,,38204.00000000,37113.00000000,2.93967074,13.47947484
Vunira,bid,2025,Jan–12,1,12,,,,12,38204.00000000,,,12,36127.25000000,7.50477976,38003.00000000,38204.00000000,-0.52612292,1.62452702
Vunira,bid,2026,Jan–08,0,8,,,,8,,,,8,37353.43750000,6.44620651,40121.50000000,38003.00000000,5.57455990,6.09522298
Xybra,ask,2023,Jan–12,0,12,,,,12,,,,0,,,,,,
Xybra,ask,2024,Jan–12,0,12,,,,12,,,,0,,,,,,
Xybra,ask,2025,Jan–12,0,12,,,,12,,,,3,,,28486.00000000,,,
Xybra,ask,2026,Jan–08,0,8,,,,8,,,,8,36332.62500000,,42077.00000000,28486.00000000,47.71115636,18.74417948
Xybra,bid,2023,Jan–12,0,12,,,,12,,,,0,,,,,,
Xybra,bid,2024,Jan–12,0,12,,,,12,,,,0,,,,,,
Xybra,bid,2025,Jan–12,0,12,,,,12,,,,3,,,26160.50000000,,,
Xybra,bid,2026,Jan–08,0,8,,,,8,,,,8,33178.18750000,,39262.00000000,26160.50000000,50.08122933,19.87298873
Yonabra,ask,2023,Jan–12,0,12,,,,12,,,,0,,,,,,
Yonabra,ask,2024,Jan–12,0,12,,,,12,,,,0,,,,,,
Yonabra,ask,2025,Jan–12,0,12,,,,12,,,,3,,,44432.00000000,,,
Yonabra,ask,2026,Jan–08,0,8,,,,8,,,,8,42474.06250000,,44795.50000000,44432.00000000,0.81810407,5.94962157
Yonabra,bid,2023,Jan–12,0,12,,,,12,,,,0,,,,,,
Yonabra,bid,2024,Jan–12,0,12,,,,12,,,,0,,,,,,
Yonabra,bid,2025,Jan–12,0,12,,,,12,,,,3,,,43922.00000000,,,
Yonabra,bid,2026,Jan–08,0,8,,,,8,,,,8,41472.43750000,,43485.00000000,43922.00000000,-0.99494559,5.38496959
