world,type,battleye,sell,sellVolume,buy,buyVolume,goldDemand,goldSupply,sellTopAmount,buyTopAmount,capturedAt,hash,viewType,capturedAtUtc,captureDate,captureTimeZone,statisticsReferenceDate,30d buy transactions (25-TC lots),30d buy highestPrice (gp/TC),30d buy averagePrice (gp/TC),30d buy lowestPrice (gp/TC),30d buy tcVolume (TC),30d sell transactions (25-TC lots),30d sell highestPrice (gp/TC),30d sell averagePrice (gp/TC),30d sell lowestPrice (gp/TC),30d sell tcVolume (TC)
"Antica","Open PvP","Yellow","39297","129300","38711","108525","5090565450","4190854575","10500","50175","2024-10-12T04:20:34.749","f25f311400106cf1bc5215370a7445e227a85ab822c4959b1040e1be01590bc7","offers","2024-10-12T07:20:34.749Z","2024-10-12","America/Sao_Paulo","","","","","","","","","","",""
"Gentebra","Optional PvP","Yellow","43699","43175","42890","49700","1914395650","2126750375","2900","175","2024-11-20T11:54:35.023","629f8159c95592bb338c2f957024b79f5db9b401759a99f49a63c1663bdcc0d0","offers","2024-11-20T14:54:35.023Z","2024-11-20","America/Sao_Paulo","","","","","","","","","","",""
"Gentebra","Optional PvP","Yellow","44327","55200","42571","58750","2463553000","2497311350","7650","34450","2024-12-08T05:36:11.558","3abc62b6b66b61ffc0daa3c7b1327aa07e1ee4f8a46242b159db38b4c5505967","offers","2024-12-08T08:36:11.558Z","2024-12-08","America/Sao_Paulo","","","","","","","","","","",""
"Gentebra","Optional PvP","Yellow","43654","67050","42582","25775","2930097525","1094277750","7450","7775","2024-12-10T02:59:11.409","dc639b7830fe8027b5d14eea96e575f50704b74fee9ce58dfa06a2baeaae43ca","offers","2024-12-10T05:59:11.409Z","2024-12-10","America/Sao_Paulo","","","","","","","","","","",""
"Gentebra","Optional PvP","Yellow","42999","46500","41511","21925","2009895350","699738900","4550","8450","2024-12-12T17:37:06.398","d3cbda2da868761177b696a4f449d723c8c05a83a05552c0a109e77ef7e69ae5","offers","2024-12-12T20:37:06.398Z","2024-12-12","America/Sao_Paulo","","","","","","","","","","",""
"Gentebra","Optional PvP","Yellow","42294","45875","41445","74850","1971575350","3091682250","13700","12500","2025-01-14T02:50:29.470","e39010b10d106459c9bfb1bfc6d6df08a827a668190031eed1f85b26e3e7fc5f","offers","2025-01-14T05:50:29.470Z","2025-01-14","America/Sao_Paulo","","","","","","","","","","",""
"Gentebra","Optional PvP","Yellow","42600","36900","42150","57450","1590635175","2402978825","5750","10875","2025-01-31T16:26:37.552","27b223e43026f471f5553fa9483e51960ca7a7fe14a9706d0eec245c48efd7f9","offers","2025-01-31T19:26:37.552Z","2025-01-31","America/Sao_Paulo","","","","","","","","","","",""
"Gentebra","Optional PvP","Yellow","43313","92850","42500","29750","4025740375","1244835550","8525","3725","2025-02-10T05:36:04.987","6f4e6ece159fe91780d3c97addaba599afe287fbe5e8c0ff1bdbf978fec036d8","offers","2025-02-10T08:36:04.987Z","2025-02-10","America/Sao_Paulo","","","","","","","","","","",""
"Ustebra","Optional PvP","Green","41428","67750","40208","40325","2807931250","1617299325","17800","27525","2026-01-04T16:14:52.073","fbe44d4e3bceea85eb8988b594bb58e5023811508401fe8ca3191e18d88d4d33","offers","2026-01-04T19:14:52.073Z","2026-01-04","America/Sao_Paulo","","","","","","","","","","",""
"Luzibra","Optional PvP","Green","30000","125","22501","2775","3875000","60717400","100","25","2026-01-18T21:59:34.342","08463419cc37efba9a166d68ec4b77093e602cdc0d65533a91ebd0a763d72a78","offers","2026-01-19T00:59:34.342Z","2026-01-18","America/Sao_Paulo","","","","","","","","","","",""
"Luzibra","Optional PvP","Green","20991","2325","19200","1650","48854400","31542350","25","400","2026-04-21T02:47:05.841","3fc6482478482f278c0a46cdfae60d0c91749f1c100ea2e69740eb0836638d77","offers","2026-04-21T05:47:05.841Z","2026-04-21","America/Sao_Paulo","","","","","","","","","","",""
"Cantabra","Open PvP","Green","37796","1950","33611","1050","73990300","35235800","50","75","2026-04-22T04:00:00.034","108f012b2092d8d167131938f76d46989fed5f78ec574c808dd19af90019071a","offers","2026-04-22T07:00:00.034Z","2026-04-22","America/Sao_Paulo","","","","","","","","","","",""
"Rasteibra","Open PvP","Green","38083","141300","36351","43275","5428603800","1566859125","25","200","2026-04-29T19:20:01.129","961bf5dc4d1c0724a7e2f15a060b2084db0eb238d2f4536648649a5c9edb5ef3","offers","2026-04-29T22:20:01.129Z","2026-04-29","America/Sao_Paulo","","","","","","","","","","",""
"Rasteibra","Open PvP","Green","37753","105650","36863","103475","4032925575","3812747525","24925","63500","2026-05-13T21:51:42.855","bf239559b37bba28aaa66dc64793b84182624e2a5ae716a63278e83d1230a25d","offers","2026-05-14T00:51:42.855Z","2026-05-13","America/Sao_Paulo","","","","","","","","","","",""
"Rasteibra","Open PvP","Green","37753","105650","36863","103475","4032925575","3812747525","24925","63500","2026-05-13T21:51:45.921","cdf310bc2261bf5279eabcf89461416d3de84b0351d5fc6aae1db671d473abb1","offers","2026-05-14T00:51:45.921Z","2026-05-13","America/Sao_Paulo","","","","","","","","","","",""
"Rasteibra","Open PvP","Green","37753","105525","36863","103475","4028206450","3812747525","24800","63500","2026-05-13T21:52:35.427","095e9683298187d65fd820629e069ba482788e570179219c4efcaabe9f132326","offers","2026-05-14T00:52:35.427Z","2026-05-13","America/Sao_Paulo","","","","","","","","","","",""
"Ustebra","Optional PvP","Green","38994","33050","37001","200350","1290545575","7283110800","14500","50","2026-06-16T19:51:57.867","fba09eb70d16c89dbac96b220474b7282300e550596aaf628983f443ad586ddd","offers","2026-06-16T22:51:57.867Z","2026-06-16","America/Sao_Paulo","","","","","","","","","","",""
"Antica","Open PvP","Yellow","39399","192075","39100","215725","7602377300","8400925300","1875","20275","2026-07-27T20:52:37.113","70b499633bf1b3c3053c2035a0564c93292db441d52d852ab68e6f4f2414873d","offers","2026-07-27T23:52:37.113Z","2026-07-27","America/Sao_Paulo","","","","","","","","","","",""
"Gentebra","Optional PvP","Yellow","45449","77175","43301","174075","3564060800","7521543025","23825","63750","2026-08-02T22:19:01.839","8814317f79f207eea1c13c3bbdaa8ef654704845f7919a69f5c366987198bfc0","offers","2026-08-03T01:19:01.839Z","2026-08-02","America/Sao_Paulo","","","","","","","","","","",""
"Gentebra","Optional PvP","Yellow","45430","73850","43308","176775","3412104150","7655257425","25025","64000","2026-08-03T04:34:32.796","185af09643d76b50ab5ebd328841e34b33b35b16ef4bc958ff55d9e5c1210fdd","offers","2026-08-03T07:34:32.796Z","2026-08-03","America/Sao_Paulo","","","","","","","","","","",""
"Quelibra","Open PvP","Yellow","42982","59700","40174","142550","2566316725","5724730300","39000","375","2026-08-03T14:24:17.630","7f2966de188d429866e5e969b92260ff6ec417e8b3ea590bf4fb7c344d2f86f0","offers","2026-08-03T17:24:17.630Z","2026-08-03","America/Sao_Paulo","","","","","","","","","","",""
"Ourobra","Open PvP","Green","41493","76825","40156","133800","3289902025","5369774325","10075","59400","2026-08-03T14:29:21.361","d47d74c3dbcb2833c678c0c8ad908c443d9a52023dae61f9ca4a3d04b279e8f4","offers","2026-08-03T17:29:21.361Z","2026-08-03","America/Sao_Paulo","","","","","","","","","","",""
"Belobra","Optional PvP","Yellow","44951","44550","44056","120175","2003150850","5291288350","11625","40525","2026-08-03T14:31:37.710","c3d2cd3d1b648e5285a746f33e8ab8bf3f2c9e443cae8981b01d00136c418200","offers","2026-08-03T17:31:37.710Z","2026-08-03","America/Sao_Paulo","","","","","","","","","","",""
"Gentebra","Optional PvP","Yellow","45144","48750","43470","207925","2203394475","9036494150","13975","25","2026-08-17T04:57:49.390","eeefef07fe760d3d212f0a6039efd3d9e186060480ae2816f5c44141456dc11b","offers","2026-08-17T07:57:49.390Z","2026-08-17","America/Sao_Paulo","","","","","","","","","","",""
"Luminera","Optional PvP","Yellow","48784","39600","44700","225625","1931863450","10039455325","30075","800","2026-09-21T12:43:17.718","a067cc1d6db70aa3eacf9fe99434d79b033c5de33d0271e6eea3989a61abee6f","offers","2026-09-21T15:43:17.718Z","2026-09-21","America/Sao_Paulo","","","","","","","","","","",""
"Collabra","Optional PvP","Green","43690","115575","42520","80275","5109117625","3404555925","25025","125","2026-09-21T12:54:06.057","03eaff65dff96f400bceb9c74fc046730f2ee110038693555c81894f2acde654","offers","2026-09-21T15:54:06.057Z","2026-09-21","America/Sao_Paulo","","","","","","","","","","",""
"Tornabra","Open PvP","Green","43499","49100","42416","104325","2187914925","4424622850","2575","200","2026-09-21T12:55:34.463","61e7e81452c3b0564d1a43fab10a4be1c230d89f9cecc55bd80b025419e646f3","offers","2026-09-21T15:55:34.463Z","2026-09-21","America/Sao_Paulo","","","","","","","","","","",""
"Antica","Open PvP","Yellow","42998","79000","42454","435400","3448752550","18428313450","58850","35225","2026-09-21T12:56:46.315","4a9399ad543067735a713b987292b208cc8365c39b5d0d597515c5d74dee92b2","offers","2026-09-21T15:56:46.315Z","2026-09-21","America/Sao_Paulo","","","","","","","","","","",""
"Ourobra","Open PvP","Green","43893","184525","42167","214550","8100126275","9043777875","21325","63975","2026-09-21T12:58:52.013","e33eb000d4b0b1d7b04188865fb1247d933c557a19b80dfc2800d02e531fb8e9","offers","2026-09-21T15:58:52.013Z","2026-09-21","America/Sao_Paulo","","","","","","","","","","",""
"Descubra","Optional PvP","Green","43663","85325","42130","96650","3934815975","4070694050","25025","5975","2026-09-21T13:00:32.146","049b5087d5d4fc8cfa4a51ef316391bec242397c90c248829b0ec5e2232fb68b","offers","2026-09-21T16:00:32.146Z","2026-09-21","America/Sao_Paulo","","","","","","","","","","",""
"Ombra","Open PvP","Green","43887","97125","42402","156875","4265203400","6635433150","25600","63025","2026-09-21T13:01:03.379","0545ba729e8ae40472870bacf48451a36534ec21d33070b9d5331d995c0503d6","offers","2026-09-21T16:01:03.379Z","2026-09-21","America/Sao_Paulo","","","","","","","","","","",""
"Luzibra","Optional PvP","Green","43701","7500","42961","13100","328393675","559798425","7375","10700","2026-09-21T13:02:16.744","472737ea282b4808672397bb99a400125ed122f2b771adac172ba429e66cc21f","offers","2026-09-21T16:02:16.744Z","2026-09-21","America/Sao_Paulo","","","","","","","","","","",""
"Belobra","Optional PvP","Yellow","46965","28125","44924","201325","1329136900","9043494425","26400","60950","2026-09-21T13:03:52.158","affd6ca1fb67546a12f0abda938659a43d8209d53e56c10417db3756a1da28d9","offers","2026-09-21T16:03:52.158Z","2026-09-21","America/Sao_Paulo","","","","","","","","","","",""
"Quelibra","Open PvP","Yellow","43349","89625","42502","161050","3979761150","6797802225","22525","75","2026-09-21T13:05:52.743","ddaf450c15ea068d37cda0b9201c4960ef23545f270a426f7410d9091699b92b","offers","2026-09-21T16:05:52.743Z","2026-09-21","America/Sao_Paulo","","","","","","","","","","",""
"Gentebra","Optional PvP","Yellow","45781","33675","44727","198225","1542241700","8859186300","14125","58550","2026-09-21T13:06:34.843","a1458e0c8586293a603022bed1079573604ddb51b50ef660ebf7b5f018bf3046","offers","2026-09-21T16:06:34.843Z","2026-09-21","America/Sao_Paulo","","","","","","","","","","",""
"Rasteibra","Open PvP","Green","43780","96825","43115","123775","4244575525","5335580850","10175","57675","2026-09-21T13:07:29.575","c8dbcdb66f4724662a4c78a5d3c80c5280c0cc25f1da8fdcc2e63d3ba002b58e","offers","2026-09-21T16:07:29.575Z","2026-09-21","America/Sao_Paulo","","","","","","","","","","",""
"Ustebra","Optional PvP","Green","43496","147650","42802","146025","6496115175","6235621375","16975","63425","2026-09-21T13:08:57.059","5d9a4dc7088b85f9e4e83b9e2f8e56f63f6ea80e88f0a2508688856d2b89cb1d","offers","2026-09-21T16:08:57.059Z","2026-09-21","America/Sao_Paulo","","","","","","","","","","",""
"Ustebra","Optional PvP","Green","43500","117875","42806","156900","5201248175","6701471525","13850","20000","2026-09-21T20:38:57.950","bfbe2f90401f8e4c920de15c37d7843375e04c031baeba10a60b62061836c54f","offers","2026-09-21T23:38:57.950Z","2026-09-21","America/Sao_Paulo","","","","","","","","","","",""
"Ourobra","Open PvP","Green","43892","192300","42268","139225","8441318525","5883231500","37825","250","2026-09-22T05:32:30.710","b0d308df0bacea5b0f51a13fa1ebc4db226b346efc108fe0cc77ee41daa3e2df","offers","2026-09-22T08:32:30.710Z","2026-09-22","America/Sao_Paulo","","","","","","","","","","",""
"Quelibra","Open PvP","Yellow","44598","55475","42301","155050","2474106525","6544815450","38675","125","2026-09-22T05:36:49.706","17291f5306b84a0f1f1c6279b0f8b18a07ecf6186d4cf211662594a4d6c35134","offers","2026-09-22T08:36:49.706Z","2026-09-22","America/Sao_Paulo","","","","","","","","","","",""
"Rasteibra","Open PvP","Green","43770","77675","43123","166875","3405422325","7159705425","39825","10075","2026-09-22T05:37:43.936","73870369fa0b95642a3a4a8e240e1b2cc86d502fb615192fe61320c20b05d24a","offers","2026-09-22T08:37:43.936Z","2026-09-22","America/Sao_Paulo","","","","","","","","","","",""
"Gentebra","Optional PvP","Yellow","45499","55275","44761","262625","2527768575","11747965950","10700","52050","2026-09-22T05:42:06.251","9ecaaaca086d72c085b9633ca02f98abd4b499239f99436c3133fac1caaffc5e","offers","2026-09-22T08:42:06.251Z","2026-09-22","America/Sao_Paulo","","","","","","","","","","",""
"Ustebra","Optional PvP","Green","43999","103000","42906","184625","4553358850","7897706525","63325","25250","2026-09-22T05:51:17.343","47f818a1d80c33e15b0a41d05b7a80ef1d0e68891208046a4bc50c7c593b4e5c","offers","2026-09-22T08:51:17.343Z","2026-09-22","America/Sao_Paulo","","","","","","","","","","",""
"Collabra","Optional PvP","Green","43678","75525","42502","117850","3358880775","5004885750","24525","63850","2026-09-22T06:10:11.679","08b9474f708862a21b5dce0ac0580241e8f816ec6e55301193b06f3ea2b8436d","offers","2026-09-22T09:10:11.679Z","2026-09-22","America/Sao_Paulo","","","","","","","","","","",""
"Venebra","Optional PvP","Green","43984","11300","41404","234925","497663350","9724879025","25","10400","2026-09-22T06:10:50.073","f61f089337d9a8d3eea4233fdeadb0a4bad36907b74cb5865faf6b02f1db0cd2","offers","2026-09-22T09:10:50.073Z","2026-09-22","America/Sao_Paulo","","","","","","","","","","",""
"Tornabra","Open PvP","Green","43999","102575","42604","74950","4545853025","3192747225","39975","45675","2026-09-22T06:15:39.892","03ef5cb9100cab83bc3d609f225bf95649412a994f70491cd8d2b40ce4fb1f87","offers","2026-09-22T09:15:39.892Z","2026-09-22","America/Sao_Paulo","","","","","","","","","","",""
"Antica","Open PvP","Yellow","43900","138275","42527","478050","6116531600","20300066575","700","63375","2026-09-22T06:19:44.860","4bd3ee8652563b8a10c8ce7fd440efef341eb205776ff234dae0dc00c74216bd","offers","2026-09-22T09:19:44.860Z","2026-09-22","America/Sao_Paulo","","","","","","","","","","",""
"Descubra","Optional PvP","Green","43649","87550","42162","103100","4098531550","4345755775","6950","8075","2026-09-22T06:37:01.524","b92a841bc6ea56bab82e9280c26a4af13451df5b681aab1d4191ced10f5293a9","offers","2026-09-22T09:37:01.524Z","2026-09-22","America/Sao_Paulo","","","","","","","","","","",""
"Ombra","Open PvP","Green","43886","75475","42512","77775","3314969950","3305901600","39900","50","2026-09-22T06:42:00.761","eec9f551e333ba2a8a607b708033ad011a1b5f1cb1dbb2fb3e3acedf7f55ff5e","offers","2026-09-22T09:42:00.761Z","2026-09-22","America/Sao_Paulo","","","","","","","","","","",""
"Belobra","Optional PvP","Yellow","45956","76850","45333","230450","3542810125","10367217525","10900","50","2026-09-22T06:52:32.235","8d3ad035fe020ce5eda3becb7cd41206a23724638bd2787dc792e408cc684184","offers","2026-09-22T09:52:32.235Z","2026-09-22","America/Sao_Paulo","","","","","","","","","","",""
"Luminera","Optional PvP","Yellow","48685","38825","45500","223075","1890500200","9997282525","125","1400","2026-09-22T06:53:18.128","b9a558ed6613cc919467c41a1efe5ce584eaca4c7670b6b9e829fdd410fe3f33","offers","2026-09-22T09:53:18.128Z","2026-09-22","America/Sao_Paulo","","","","","","","","","","",""
"Luzibra","Optional PvP","Green","45971","5800","43222","20825","267013500","896284775","5700","125","2026-09-22T07:01:17.683","15fca19e4861bc38377423c1d666ae39f7fbacc0f7de77faaf7d5e65f981b2a7","offers","2026-09-22T10:01:17.683Z","2026-09-22","America/Sao_Paulo","","","","","","","","","","",""
"Belobra","Optional PvP","Yellow","46696","34550","45056","267800","1618311150","12063017825","9750","39750","2026-09-22T18:06:12.692","ad1fdb375c1539f554755823ea615f34420c9a132d26b655797e18201087b2c4","offers","2026-09-22T21:06:12.692Z","2026-09-22","America/Sao_Paulo","","","","","","","","","","",""
"Gentebra","Optional PvP","Yellow","46993","20675","44950","241625","971587950","10852709175","13150","250","2026-09-23T22:21:12.742","6cb7d3673cbd5a5a9600678ba4d9dd10463b0d6d5b44ad4189d3c865a60e2dde","offers","2026-09-24T01:21:12.742Z","2026-09-23","America/Sao_Paulo","","","","","","","","","","",""
"Luminera","Optional PvP","Yellow","48000","42700","45000","41675","2055795400","1864862600","25","725","2026-09-23T22:22:25.265","716650356273177c754668a2b2765b703ffaa5fa5db7b2484150e19874dcad01","offers","2026-09-24T01:22:25.265Z","2026-09-23","America/Sao_Paulo","","","","","","","","","","",""
"Luminera","Optional PvP","Yellow","48000","42700","45000","41675","2055795400","1864862600","25","725","2026-09-23T22:23:03.329","c55ab406b092433a1839bcb5455b727046605f038bf35aaccb2ceb74ae6b4ac1","offers","2026-09-24T01:23:03.329Z","2026-09-23","America/Sao_Paulo","","","","","","","","","","",""
"Ustebra","Optional PvP","Green","44305","26900","43407","230050","1265811425","9975766625","6850","64000","2026-09-23T22:23:27.898","cf0e168de6c4a68b9a59442f47ad5730c348ebda178357615d175763d8853d0e","offers","2026-09-24T01:23:27.898Z","2026-09-23","America/Sao_Paulo","","","","","","","","","","",""
"Rasteibra","Open PvP","Green","44700","44125","43200","160325","2024703875","6916170900","500","150","2026-09-23T22:23:53.614","17a5c5f605b3c8a0384f3e697aa0538c75b68882e99cc68db8435df3aa9911f7","offers","2026-09-24T01:23:53.614Z","2026-09-23","America/Sao_Paulo","","","","","","","","","","",""
"Quelibra","Open PvP","Yellow","44382","100825","43153","40200","4476151025","1715178225","56900","25","2026-09-23T22:24:27.264","3b168b7d88eecf8daba97f2e106946d26d49bf0dc50c1231b946e9f61323cbeb","offers","2026-09-24T01:24:27.264Z","2026-09-23","America/Sao_Paulo","","","","","","","","","","",""
"Ourobra","Open PvP","Green","43875","157550","43002","199500","7177955675","8511459250","31800","54625","2026-09-23T22:25:04.980","c9c4fbb38355be06a397f7fd36e0d3b5c9c049aa57890792ca32651351d2ece6","offers","2026-09-24T01:25:04.980Z","2026-09-23","America/Sao_Paulo","","","","","","","","","","",""
"Belobra","Optional PvP","Yellow","46368","24025","45217","330075","1120354650","14921110500","475","64000","2026-09-23T22:25:40.715","3c56f3cd99c06ab39bb3c1ec5685a75eac8cadeee22a04857667d063e3c58951","offers","2026-09-24T01:25:40.715Z","2026-09-23","America/Sao_Paulo","","","","","","","","","","",""
"Luzibra","Optional PvP","Green","43500","38850","41326","7475","1727585550","308085500","6450","25","2026-09-23T22:26:22.366","624955b53336a7caf8322deb7d297a36437e089ff4c30790f940fd59a16495a8","offers","2026-09-24T01:26:22.366Z","2026-09-23","America/Sao_Paulo","","","","","","","","","","",""
"Ombra","Open PvP","Green","43998","54475","42540","206850","2477023050","8797945775","5925","25","2026-09-23T22:27:32.849","d8e4e8b648f8c79d5ef706ee355ed22ce9106cc1d16a1e87d58567933d60885c","offers","2026-09-24T01:27:32.849Z","2026-09-23","America/Sao_Paulo","","","","","","","","","","",""
"Descubra","Optional PvP","Green","45000","86750","42312","155350","4203155000","6571027500","14925","50","2026-09-23T22:27:55.362","2b00702b7f5c96eb1f7d1e5725aec96a3232d46fa04fc6695ff221fd42c24214","offers","2026-09-24T01:27:55.362Z","2026-09-23","America/Sao_Paulo","","","","","","","","","","",""
"Antica","Open PvP","Yellow","43599","152750","43201","197200","6687009000","8494271525","6725","53000","2026-09-23T22:29:24.463","653856383837bbb136f18ec5338d38fa470e28eb2001aff855fc38c67d66a2b7","offers","2026-09-24T01:29:24.463Z","2026-09-23","America/Sao_Paulo","","","","","","","","","","",""
"Tornabra","Open PvP","Green","44000","52250","42653","81275","2379035000","3462098400","12200","1375","2026-09-23T22:30:12.515","3f3844d6db2585420028bbe1dec963dcd196d039914041fa2495d248b0ae971d","offers","2026-09-24T01:30:12.515Z","2026-09-23","America/Sao_Paulo","","","","","","","","","","",""
"Venebra","Optional PvP","Green","43923","15850","41571","281550","696348875","11686763750","225","22850","2026-09-23T22:32:36.148","36801dd3fa254b633271747eeeb16537deb9e194b67095ca7790e7fe366734cc","offers","2026-09-24T01:32:36.148Z","2026-09-23","America/Sao_Paulo","","","","","","","","","","",""
"Collabra","Optional PvP","Green","44440","98600","43407","107125","4412715950","4635226675","21750","18700","2026-09-23T22:35:20.000","0aad00da47a5eb97dd760124e80e183873d890f5ab790b7280351df46341024c","offers","2026-09-24T01:35:20.000Z","2026-09-23","America/Sao_Paulo","","","","","","","","","","",""
"Gentebra","Optional PvP","Yellow","46992","20525","44936","239750","964520950","10768581850","10550","42600","2026-09-23T23:27:32.335","28dac60a1df51da57d02ce2116e482d51f8f4f22d776c6865089287ce55ccfa9","offers","2026-09-24T02:27:32.335Z","2026-09-23","America/Sao_Paulo","","","","","","","","","","",""
"Gentebra","Optional PvP","Yellow","46992","20075","44936","239350","943374550","10750607450","10100","42200","2026-09-23T23:53:47.398","3c8d10d3736ad0f651faffab9ef4b45c876aa6d33e3e24a725828d36c57617f3","offers","2026-09-24T02:53:47.398Z","2026-09-23","America/Sao_Paulo","","","","","","","","","","",""
"Gentebra","Optional PvP","Yellow","46992","19375","44937","234750","910480150","10543978225","9400","200","2026-09-24T00:49:46.799","37bb8536cd57d34b74ab01e60375381c1dc1ac3b102abdb4860117e3ecbc0c7e","offers","2026-09-24T03:49:46.799Z","2026-09-24","America/Sao_Paulo","","","","","","","","","","",""
"Gentebra","Optional PvP","Yellow","46992","18475","44937","234600","868187350","10537237675","8500","50","2026-09-24T01:43:30.501","d75ee399ed8b543953e246b490ec9217c7ffbd1ce6708151e77f39156533c3aa","offers","2026-09-24T04:43:30.501Z","2026-09-24","America/Sao_Paulo","","","","","","","","","","",""
"Gentebra","Optional PvP","Yellow","46992","16325","44937","234500","767154350","10532744050","6375","25","2026-09-24T03:40:58.442","49a77687d5d05c91f6223553fc87f3073b7ff23f16cc71b59a4afb4cdd4e3649","offers","2026-09-24T06:40:58.442Z","2026-09-24","America/Sao_Paulo","","","","","","","","","","",""
"Luminera","Optional PvP","Yellow","48091","38925","44900","97975","1874177550","4390103125","5050","75","2026-09-24T03:41:40.763","c75460d23b0a07c5abb315dee42d6f0eae34ca71ee200309eccb0043a0175caf","offers","2026-09-24T06:41:40.763Z","2026-09-24","America/Sao_Paulo","","","","","","","","","","",""
"Gentebra","Optional PvP","Yellow","46991","26050","44938","234450","1224121925","10531009150","19675","63950","2026-09-24T05:27:44.299","c23822a19d4189960d33e6aad08e80403a22d4817f52e1e60743d8b5e5f95f0c","offers","2026-09-24T08:27:44.299Z","2026-09-24","America/Sao_Paulo","","","","","","","","","","",""
"Gentebra","Optional PvP","Yellow","","","","","","","","","2026-09-24T05:27:49.481","f227d239d917e7d0cd147d882971cd1562c5b5792c85dce71b0ebb81abb9a9f0","statistics","2026-09-24T08:27:49.481Z","2026-09-24","America/Sao_Paulo","2026-09-24","3651","46001","43744","1","91275","6386","47000","45283","44000","159650"
"Luminera","Optional PvP","Yellow","48089","44175","44826","99800","2126595875","4472277750","10025","27525","2026-09-24T05:29:50.067","58cb44fa12a9d64d4c77a3a439b44cfc1e4b42c54be41cff9692f013010baa28","offers","2026-09-24T08:29:50.067Z","2026-09-24","America/Sao_Paulo","","","","","","","","","","",""
"Antica","Open PvP","Yellow","43600","195375","43106","187975","8550383850","8024954350","21875","33675","2026-09-24T05:42:58.435","f4cd6644dccf4864115cf396f9bc00f9864666a0b2264ea74eaba8d337ce43aa","offers","2026-09-24T08:42:58.435Z","2026-09-24","America/Sao_Paulo","","","","","","","","","","",""
"Ourobra","Open PvP","Green","44000","146400","43013","144400","6737007900","6155650450","2050","62550","2026-09-25T15:20:08.821","f6e09e19ae5bf3fbb4d5462044e6d401940c90f3f3f8b606a68cbf3b6f046782","offers","2026-09-25T18:20:08.821Z","2026-09-25","America/Sao_Paulo","","","","","","","","","","",""
"Luzibra","Optional PvP","Green","43750","31900","41505","12550","1425135550","520409675","6075","10425","2026-09-25T15:20:26.508","c785ba3471cc15594df49e70b3dbe30eb12467ed9bf51dacdb899189d4349f6f","offers","2026-09-25T18:20:26.508Z","2026-09-25","America/Sao_Paulo","","","","","","","","","","",""
"Descubra","Optional PvP","Green","45498","69750","43014","195700","3293500100","8415667400","17850","750","2026-09-25T15:21:06.893","a6eedc0422b12ce31109ca1b93596f23e65085380a7239d161d0744c6e019c03","offers","2026-09-25T18:21:06.893Z","2026-09-25","America/Sao_Paulo","","","","","","","","","","",""
"Luminera","Optional PvP","Yellow","47888","48000","45002","208200","2304041525","9362488000","24300","59925","2026-09-25T15:22:12.709","ba2d7fe7b561b19718dd3c56776bce8c497f254d3333982b6c76afb453b869ef","offers","2026-09-25T18:22:12.709Z","2026-09-25","America/Sao_Paulo","","","","","","","","","","",""
"Gentebra","Optional PvP","Yellow","46930","35200","45070","232300","1651967975","10459733350","20025","50","2026-09-25T15:25:50.911","69cdf5a040c0f4764686ef0ccbc1268155d87a57f33ccb9885ca9c6c9cbacacd","offers","2026-09-25T18:25:50.911Z","2026-09-25","America/Sao_Paulo","","","","","","","","","","",""
"Gentebra","Optional PvP","Yellow","46931","28950","45100","204200","1358668400","9199004475","13000","400","2026-09-26T00:58:50.409","b5195cb4262c5285f31c925b4fff2712216e7ca07d1c04d3ca97f284128ecbb4","offers","2026-09-26T03:58:50.409Z","2026-09-26","America/Sao_Paulo","","","","","","","","","","",""
"Ustebra","Optional PvP","Green","45598","61350","44262","213550","2814287975","9433814500","35075","850","2026-09-26T00:59:28.179","12ae0bc5cb35cba3319f7ae0d10ba8998226ef1d32275ca42f1649be73d6baff","offers","2026-09-26T03:59:28.179Z","2026-09-26","America/Sao_Paulo","","","","","","","","","","",""
"Ourobra","Open PvP","Green","44000","139800","43011","83275","6443084800","3525131300","4425","4500","2026-09-26T01:00:01.478","cc988750fcfcaf3116003bda2a030f65a571d8bcd7d3663d6b7d92cb8c399230","offers","2026-09-26T04:00:01.478Z","2026-09-26","America/Sao_Paulo","","","","","","","","","","",""
"Ourobra","Open PvP","Green","44000","139800","43011","83275","6443084800","3525131300","4425","4500","2026-09-26T01:01:13.228","1b63cde0c016a89f834a45acf7245c7f31e38856300c6233548a869b391d9eda","offers","2026-09-26T04:01:13.228Z","2026-09-26","America/Sao_Paulo","","","","","","","","","","",""
"Quelibra","Open PvP","Yellow","45499","75500","43052","107350","3455136650","4619988725","30850","50","2026-09-26T01:01:44.543","d4ff45fd490dbad44d354c8d2b6a0a5aeae9b134b3590685196d7f2ba560e5bc","offers","2026-09-26T04:01:44.543Z","2026-09-26","America/Sao_Paulo","","","","","","","","","","",""
"Rasteibra","Open PvP","Green","45500","37375","43705","91225","1718852250","3973305025","125","325","2026-09-26T01:02:26.613","a767711f4a7c3b16c58bafc95b9143b6401ec6c39f6d8ecc1e531f2df4f031bc","offers","2026-09-26T04:02:26.613Z","2026-09-26","America/Sao_Paulo","","","","","","","","","","",""
"Belobra","Optional PvP","Yellow","47200","50175","45326","33250","2388962625","1503468800","75","650","2026-09-26T01:03:02.730","05781a7742602b05be59c6850c6a52733c86e79f7e57a405916c08f4722fe6f8","offers","2026-09-26T04:03:02.730Z","2026-09-26","America/Sao_Paulo","","","","","","","","","","",""
"Luminera","Optional PvP","Yellow","47875","32375","45225","268425","1553535950","12094071825","6625","27400","2026-09-26T01:03:48.781","7e090490f58d2cb3a6df984ad9ba66bc0e0bb360e4eb8496e9d35e796641c986","offers","2026-09-26T04:03:48.781Z","2026-09-26","America/Sao_Paulo","","","","","","","","","","",""
"Ombra","Open PvP","Green","45598","44450","42603","74675","2027215725","3177475150","36450","25","2026-09-26T01:04:25.360","3db1d0068287d3eb954c98e6c02080ae7f07f03a71ba241abb314a5a281a4c22","offers","2026-09-26T04:04:25.360Z","2026-09-26","America/Sao_Paulo","","","","","","","","","","",""
"Descubra","Optional PvP","Green","45476","65575","43030","161850","3073346975","6963137600","300","19450","2026-09-26T01:04:49.797","a02b235f55c356d93cec5fe408fa7a9f977508bb5668b3e5123afaf59ed8bf19","offers","2026-09-26T04:04:49.797Z","2026-09-26","America/Sao_Paulo","","","","","","","","","","",""
"Luzibra","Optional PvP","Green","43999","25500","42002","11375","1145054125","472078650","175","125","2026-09-26T01:05:06.443","ad7606c96f03b6967b15c153a1438d2db6f371926bfbadebca2ecd2d1e19fcc8","offers","2026-09-26T04:05:06.443Z","2026-09-26","America/Sao_Paulo","","","","","","","","","","",""
"Antica","Open PvP","Yellow","43998","147275","43301","252075","6512423075","10857746875","63975","50325","2026-09-26T01:05:27.759","a5ef885d8d95abb600996205e5f5eb43132c78c02fab0c15b37bc0618a258188","offers","2026-09-26T04:05:27.759Z","2026-09-26","America/Sao_Paulo","","","","","","","","","","",""
"Tornabra","Open PvP","Green","45893","45800","43210","42625","2101931200","1832995500","39950","75","2026-09-26T01:05:44.760","57493858601fabfef00fc8c57fcf2819e713a1398fe4a9e92b92aa722cd6d8bc","offers","2026-09-26T04:05:44.760Z","2026-09-26","America/Sao_Paulo","","","","","","","","","","",""
"Venebra","Optional PvP","Green","44491","51025","43103","171925","2278817400","7401306900","25","12925","2026-09-26T01:06:16.115","7d7481fd183cd9d1eb844682f5e2e253c451844a755c20d9c7a209559ab2f078","offers","2026-09-26T04:06:16.115Z","2026-09-26","America/Sao_Paulo","","","","","","","","","","",""
"Collabra","Optional PvP","Green","45286","48500","44005","167950","2197045000","7323182575","3775","33150","2026-09-26T01:06:46.245","3203f14c872febedaead747f4a83dd009bebf87eb0ba2e5065e510713f9782a9","offers","2026-09-26T04:06:46.245Z","2026-09-26","America/Sao_Paulo","","","","","","","","","","",""
"Terribra","Retro Hardcore PvP","Green","41100","62300","40400","43600","2578723925","1751511150","4700","7425","2026-09-26T02:04:10.676","abf224bb1bb907032c486c0a476a6c4f7031be8f5928668a36cc6d05c49d0304","offers","2026-09-26T05:04:10.676Z","2026-09-26","America/Sao_Paulo","","","","","","","","","","",""
"Serdebra","Open PvP","Yellow","45968","22050","43617","86525","1013835750","3772401750","7850","225","2026-09-26T02:35:01.369","6edf3886fc79f9da8ab33237b7047bfe59b7b2782d1ff8ca841803aebb6aedf6","offers","2026-09-26T05:35:01.369Z","2026-09-26","America/Sao_Paulo","","","","","","","","","","",""
"Secura","Optional PvP","Yellow","45890","67175","45220","211050","3084478425","9504067925","23625","31800","2026-09-26T02:48:54.092","e03741f552baa4e4e87ff1d714b3367ac3b0f527d6b224b6897e3d4b53336e6a","offers","2026-09-26T05:48:54.092Z","2026-09-26","America/Sao_Paulo","","","","","","","","","","",""
"Etebra","Optional PvP","Green","46344","29800","43000","174775","1382917275","7473039725","6475","25","2026-09-26T03:19:46.831","57bc5f23b08266b02e70ebf36106f49d8c5d9d86678590476519d1d987e03966","offers","2026-09-26T06:19:46.831Z","2026-09-26","America/Sao_Paulo","","","","","","","","","","",""
"Floribra","Optional PvP","Green","27850","1650","24750","775","46146325","19141300","75","125","2026-09-26T03:49:48.525","3ea0de515ced6aedcd2a05973e76e7b531ce1b55a95c993b4c92c467404fd421","offers","2026-09-26T06:49:48.525Z","2026-09-26","America/Sao_Paulo","","","","","","","","","","",""
"Ferobra","Open PvP","Yellow","44000","74350","43051","204800","3375299300","8799302000","25","60425","2026-09-26T04:34:17.780","71ce8f2eab045fbe320eb0eeda64f6c01b352bdea68fe3b8b3bcbdb5820c7f5e","offers","2026-09-26T07:34:17.780Z","2026-09-26","America/Sao_Paulo","","","","","","","","","","",""
"Inabra","Open PvP","Yellow","44200","62025","43432","156675","2819019300","6802950025","17275","75","2026-09-26T04:46:52.908","5cc2ee38ff89c59311b64d57445800b93473be15c8d1e19980640461c8f1b320","offers","2026-09-26T07:46:52.908Z","2026-09-26","America/Sao_Paulo","","","","","","","","","","",""
"Gentebra","Optional PvP","Yellow","49986","47850","45828","56925","2392433750","2604541175","14000","37925","2026-09-27T00:00:17.496","f0bff636c846f7b2e3aea6757e8d13766c3c8cdb46a06bb8efe97cd250e3ec48","offers","2026-09-27T03:00:17.496Z","2026-09-27","America/Sao_Paulo","","","","","","","","","","",""
"Ustebra","Optional PvP","Green","45533","30450","43827","62000","1404294650","2709891825","8375","7775","2026-09-27T00:01:04.247","dc0f0e7af9438b9ac2f80c6362f6b15e7fa0238c7ae4e346ae268ad38a2febb7","offers","2026-09-27T03:01:04.247Z","2026-09-27","America/Sao_Paulo","","","","","","","","","","",""
"Ourobra","Open PvP","Green","44489","110725","43014","60125","5151699725","2546633700","26475","25","2026-09-27T00:02:12.061","6c4c786d0ffba53ba2c093ad5a7ba1715980313dc3e11cec01266fca22022361","offers","2026-09-27T03:02:12.061Z","2026-09-27","America/Sao_Paulo","","","","","","","","","","",""
"Quelibra","Open PvP","Yellow","46995","33500","43526","34275","1574335050","1491663450","31350","200","2026-09-27T00:02:58.113","7f9fab6119be7421ed54d0224fac563ac17b8fc10905b737900d6b27d28ff264","offers","2026-09-27T03:02:58.113Z","2026-09-27","America/Sao_Paulo","","","","","","","","","","",""
"Rasteibra","Open PvP","Green","46554","60475","43801","83425","2831979775","3635045275","14100","5550","2026-09-27T00:03:44.263","eba81d5416cb4b903fe78f079583abcc053c0d406281380d064c5c687210f623","offers","2026-09-27T03:03:44.263Z","2026-09-27","America/Sao_Paulo","","","","","","","","","","",""
"Collabra","Optional PvP","Green","45299","25700","43591","185525","1164374750","8075873000","10250","13875","2026-09-27T00:05:10.228","6a73363d0f4cb2afbd7eb477aaf2f078724e48848d409c81632f68ddcb360ba1","offers","2026-09-27T03:05:10.228Z","2026-09-27","America/Sao_Paulo","","","","","","","","","","",""
"Venebra","Optional PvP","Green","47399","37450","43207","240825","1778756475","10317361150","500","10125","2026-09-27T00:05:47.749","32e611de4e25da227e817870fca0ebabe9fb28457b2e1378780373a9f4ff8b98","offers","2026-09-27T03:05:47.749Z","2026-09-27","America/Sao_Paulo","","","","","","","","","","",""
"Tornabra","Open PvP","Green","45594","69600","43110","13550","3232064075","583573200","18925","7175","2026-09-27T00:06:26.162","93ccb5e91c5af169568e80f29ca7f0fb83eef31dc301e869cf685268a05f47e7","offers","2026-09-27T03:06:26.162Z","2026-09-27","America/Sao_Paulo","","","","","","","","","","",""
"Antica","Open PvP","Yellow","43999","114900","43402","345375","5107686725","14954859350","56625","56650","2026-09-27T00:06:46.811","9658d3ebf984d82b540a13de0b1137e3720339b6c85c3b875b6ccb84490da938","offers","2026-09-27T03:06:46.811Z","2026-09-27","America/Sao_Paulo","","","","","","","","","","",""
"Luzibra","Optional PvP","Green","44499","17925","41530","10500","811041150","435290050","25","25","2026-09-27T00:07:21.446","89d65f474626e152a5370cbd0beb5acba69ec884ff9d68b88ec6565424b04540","offers","2026-09-27T03:07:21.446Z","2026-09-27","America/Sao_Paulo","","","","","","","","","","",""
"Descubra","Optional PvP","Green","47400","41850","43200","53825","2092167050","2317480900","25","175","2026-09-27T00:08:00.345","673b523887c5938f23c27ea26fa20fea0294ff76cb0419b5a9d0ea40df94632a","offers","2026-09-27T03:08:00.345Z","2026-09-27","America/Sao_Paulo","","","","","","","","","","",""
"Ombra","Open PvP","Green","45600","45625","43004","68250","2136660000","2907073625","3625","3425","2026-09-27T00:08:24.629","1fb7f0bf549d5c4e479228000d292ee7a67f2ef7c9cd9545e05c654857cea4ae","offers","2026-09-27T03:08:24.629Z","2026-09-27","America/Sao_Paulo","","","","","","","","","","",""
"Luminera","Optional PvP","Yellow","47867","32350","45342","260775","1553350650","11750490200","8350","15000","2026-09-27T00:09:13.499","4ce800ce6a5bd3d630b100300737a755feaf46749b4ca9c72a8925a8a83f0468","offers","2026-09-27T03:09:13.499Z","2026-09-27","America/Sao_Paulo","","","","","","","","","","",""
"Belobra","Optional PvP","Yellow","47074","50850","45559","71425","2405252350","3246188050","6400","4025","2026-09-27T00:09:51.078","6f23f7c38e37e51068b57f8eb778a31cbf59a1e67deafa411723b71c68674853","offers","2026-09-27T03:09:51.078Z","2026-09-27","America/Sao_Paulo","","","","","","","","","","",""
"Astera","Optional PvP","Yellow","47886","29750","44001","24225","1431589800","1025677425","225","100","2026-09-27T00:11:42.229","f5960a6f113c779fe8d031345299e9cb1f71fa4692d42a7881ae5ce94a7c7364","offers","2026-09-27T03:11:42.229Z","2026-09-27","America/Sao_Paulo","","","","","","","","","","",""
"Celebra","Optional PvP","Yellow","48905","61775","46602","31900","3022072875","1453851500","11400","2175","2026-09-27T00:12:01.626","317e78589321bb00e264ae34e855393ec296bca875e16011ff7b9fe8fcbcd673","offers","2026-09-27T03:12:01.626Z","2026-09-27","America/Sao_Paulo","","","","","","","","","","",""
"Floribra","Optional PvP","Green","28000","1175","25708","450","33599675","11523875","350","50","2026-09-27T00:13:16.777","f65b7591a311d2c450d27bd0dd8de20a54b1bfa7c6738d88c8036103bc708717","offers","2026-09-27T03:13:16.777Z","2026-09-27","America/Sao_Paulo","","","","","","","","","","",""
"Secura","Optional PvP","Yellow","46955","44350","45983","134825","2125366375","6181237750","23475","33275","2026-09-27T00:14:05.659","54a87f56529a264d017103a8b75446f5f0fffc45e5b7b2b53df24c542a2f9fd8","offers","2026-09-27T03:14:05.659Z","2026-09-27","America/Sao_Paulo","","","","","","","","","","",""
"Terribra","Retro Hardcore PvP","Green","40890","43375","39400","68950","1784643150","2703048950","3950","4750","2026-09-27T00:15:45.546","dd25640f36f63bd313ecfe7b66bac0a99c40ef53b2209b89721eac34fd9a0a0c","offers","2026-09-27T03:15:45.546Z","2026-09-27","America/Sao_Paulo","","","","","","","","","","",""
"Yonabra","Optional PvP","Yellow","49975","42425","46113","165675","2120222725","7622359325","13575","30575","2026-09-27T00:16:03.126","377a19e421e6adc924178aa2087f1b42ab017807ac3dba1dfa12ceb759ad695d","offers","2026-09-27T03:16:03.126Z","2026-09-27","America/Sao_Paulo","","","","","","","","","","",""
"Dracobra","Open PvP","Green","44558","9025","41204","6625","402201450","272389825","125","50","2026-09-27T05:25:18.207","b434660f0c65884cccab81fce321c37b3a60124eac7082d13012f59f4f972a58","offers","2026-09-27T08:25:18.207Z","2026-09-27","America/Sao_Paulo","","","","","","","","","","",""
"Honbra","Open PvP","Green","45879","86425","44000","102950","4010098800","4477028675","20000","2600","2026-09-27T05:38:41.406","19b7bcb50a20082556199d4c0c36d93c6dd3dccdd80b4bb0073ec979ed816e11","offers","2026-09-27T08:38:41.406Z","2026-09-27","America/Sao_Paulo","","","","","","","","","","",""
"Kalanta","Optional PvP","Green","45064","57325","43206","55775","2591344250","2381788900","100","8800","2026-09-27T06:07:47.197","1307d9d5065470724a53c8f146dab793bdf99021fcbb68f9e870dd4f8f5233af","offers","2026-09-27T09:07:47.197Z","2026-09-27","America/Sao_Paulo","","","","","","","","","","",""
"Kalibra","Optional PvP","Yellow","47450","43250","45034","72300","2151438725","3254534250","2500","2425","2026-09-27T10:45:45.798","a958237d47d336f253aa9e06559435984d1fb9bc1831e66f225c981cad40ceeb","offers","2026-09-27T13:45:45.798Z","2026-09-27","America/Sao_Paulo","","","","","","","","","","",""
"Lobera","Open PvP","Yellow","47899","20775","42866","55425","1017371225","2375593950","425","100","2026-09-27T11:05:31.544","05089b818ebf58c55b1282f38d71f32998fdb3ce3c370b844b5df0a326c82225","offers","2026-09-27T14:05:31.544Z","2026-09-27","America/Sao_Paulo","","","","","","","","","","",""
"Nevia","Optional PvP","Green","44500","40800","43212","277625","1819098775","11968290675","125","14800","2026-09-27T12:40:18.152","e76faf577031e05bf00177d36c6445630975bbaca191eb5e20dc8a0c5e13fa6d","offers","2026-09-27T15:40:18.152Z","2026-09-27","America/Sao_Paulo","","","","","","","","","","",""
"Pacera","Optional PvP","Yellow","47698","46275","44823","69625","2228344725","3115571700","7525","25","2026-09-27T12:51:25.564","bad346cfaaefed624361dc0db90b00ab9fb78ae82f777523b61c720394564cc0","offers","2026-09-27T15:51:25.564Z","2026-09-27","America/Sao_Paulo","","","","","","","","","","",""
"Talera","Open PvP","Yellow","43990","24400","42013","38000","1079671875","1595784075","3275","825","2026-09-27T14:53:26.460","1384e3ebacf4d116aef2c2e303d55d617ee10b2fcd34761e28f1d664040539cc","offers","2026-09-27T17:53:26.460Z","2026-09-27","America/Sao_Paulo","","","","","","","","","","",""
"Vunira","Open PvP","Yellow","46829","61650","44006","89450","2888483550","3931351025","39725","19475","2026-09-27T15:13:59.781","4d773a1ce40971c96582c0030b4ef8536b843c89f65c021319482817fb0f45cf","offers","2026-09-27T18:13:59.781Z","2026-09-27","America/Sao_Paulo","","","","","","","","","","",""
"Dracobra","Open PvP","Green","44559","2875","41218","11350","128157700","467739500","275","200","2026-09-27T15:26:40.183","7d78afafff44bcd130844a147794d621c603a5af6f36b1791ea8ea414434190d","offers","2026-09-27T18:26:40.183Z","2026-09-27","America/Sao_Paulo","","","","","","","","","","",""
"Floribra","Optional PvP","Green","27995","1850","25951","975","52833625","25268250","175","25","2026-09-27T15:27:15.314","6bcb991366f2b90a0aac906c0e30d9fd21f0a59a6c94f7d4bc5ec556b475b806","offers","2026-09-27T18:27:15.314Z","2026-09-27","America/Sao_Paulo","","","","","","","","","","",""
"Inabra","Open PvP","Yellow","45300","87925","44231","12900","4071977650","570535800","17925","5875","2026-09-27T15:27:50.387","5b45119ba336da0d9c497b9e65a1202d56fe9ba5fb2e5278365a378719d285c9","offers","2026-09-27T18:27:50.387Z","2026-09-27","America/Sao_Paulo","","","","","","","","","","",""
"Issobra","Optional PvP","Green","45798","68325","44100","124175","3133720625","5407959225","47775","51625","2026-09-27T15:28:04.914","03e495ef3ad3fc1da42c370bde65c6ab71f6675f650fbf52524bc03579e5ef83","offers","2026-09-27T18:28:04.914Z","2026-09-27","America/Sao_Paulo","","","","","","","","","","",""
"Kalanta","Optional PvP","Green","44999","47675","43223","48350","2154286950","2061451850","325","7025","2026-09-27T15:28:20.831","80c6f54ea2d09f9777718de4129c23535fc4fea79f2799f74cf538f332547aac","offers","2026-09-27T18:28:20.831Z","2026-09-27","America/Sao_Paulo","","","","","","","","","","",""
"Kalibra","Optional PvP","Yellow","47799","42125","45333","67600","2069553250","3044215600","5075","150","2026-09-27T15:28:36.613","7396a76688648ad944a16472a16094796f5de012b6bb04e066f44c2d55b220de","offers","2026-09-27T18:28:36.613Z","2026-09-27","America/Sao_Paulo","","","","","","","","","","",""
"Nefera","Optional PvP","Yellow","49000","29275","44701","86500","1529101850","3817718550","300","25","2026-09-27T15:29:09.131","da5948cd04327f33568dd66e37750b6d39592e3f6835fa940668094f9d4b1d26","offers","2026-09-27T18:29:09.131Z","2026-09-27","America/Sao_Paulo","","","","","","","","","","",""
"Nevia","Optional PvP","Green","44498","43425","43401","224950","1935476550","9709572550","350","7100","2026-09-27T15:29:24.931","23b02adb55ede29549e52b64a0d5e4fae5b11504dd619808e0b7a8abfb0484bd","offers","2026-09-27T18:29:24.931Z","2026-09-27","America/Sao_Paulo","","","","","","","","","","",""
"Pacera","Optional PvP","Yellow","47629","47900","44825","69475","2303587650","3108851600","7725","125","2026-09-27T15:29:41.147","f29ce86f23608629035a6f0205eb77b362c39e8042fffd3fd7f94ff3063dc59e","offers","2026-09-27T18:29:41.147Z","2026-09-27","America/Sao_Paulo","","","","","","","","","","",""
"Refugia","Optional PvP","Yellow","45898","17775","45003","83775","815843800","3740282575","10925","13075","2026-09-27T15:30:13.680","98d67ea364a91b3a19cdc47bc99fbfd8cdd9b221d966b06b00c69a6e95d9bcc8","offers","2026-09-27T18:30:13.680Z","2026-09-27","America/Sao_Paulo","","","","","","","","","","",""
"Secura","Optional PvP","Yellow","46396","91200","45239","190450","4255376050","8609191075","21975","18350","2026-09-27T15:38:42.233","94527a37c5f30f73aeb9614e9277d2cc96e10332363531a1083b8cee2eeda591","offers","2026-09-27T18:38:42.233Z","2026-09-27","America/Sao_Paulo","","","","","","","","","","",""
"Talera","Open PvP","Yellow","43990","23000","42100","31475","1018085875","1323165400","1875","6850","2026-09-27T15:39:23.282","b38d564583a4187353501dd10803ca04b16cb385569fe00df06fcae68f0f774b","offers","2026-09-27T18:39:23.282Z","2026-09-27","America/Sao_Paulo","","","","","","","","","","",""
"Terribra","Retro Hardcore PvP","Green","40900","53625","39800","72725","2219174125","2874028675","875","4200","2026-09-27T15:39:41.794","84b0918550c1ad6ee1e9cefa7651f591df454d8a74b0d9245a7d0fd66a9795b1","offers","2026-09-27T18:39:41.794Z","2026-09-27","America/Sao_Paulo","","","","","","","","","","",""
"Vunira","Open PvP","Yellow","46828","96175","44005","63650","4505217750","2795943275","37025","29600","2026-09-27T15:40:29.931","291c4899da8c6bdba8c3e8c365f1d628d925b39bef5e80428492087cbf5a3c63","offers","2026-09-27T18:40:29.931Z","2026-09-27","America/Sao_Paulo","","","","","","","","","","",""
"Collabra","Optional PvP","Green","45298","19875","43605","204550","928967150","8906138850","175","21575","2026-09-27T15:47:25.179","862dbe5fe7454e61bd4b3cad291756e864ad7c142df27b21ec4c715e03e93c1a","offers","2026-09-27T18:47:25.179Z","2026-09-27","America/Sao_Paulo","","","","","","","","","","",""
"Venebra","Optional PvP","Green","44988","27500","43257","167200","1281964025","7205694325","4850","2925","2026-09-27T15:48:07.552","ef3bff2fdcf222e0241cc837427f8cdf3d5c1b425f55b87b8dd56ce0b3b7e060","offers","2026-09-27T18:48:07.552Z","2026-09-27","America/Sao_Paulo","","","","","","","","","","",""
"Tornabra","Open PvP","Green","45490","61725","43402","19775","2871936275","856820550","11575","625","2026-09-27T15:49:19.861","251ca6650b149ad55db47febd9c6ee8a9e362c891abf6c149014eabb35c44653","offers","2026-09-27T18:49:19.861Z","2026-09-27","America/Sao_Paulo","","","","","","","","","","",""
"Antica","Open PvP","Yellow","44600","48900","44021","204150","2205747475","8891228025","3675","21400","2026-09-27T15:49:57.731","604d405d0ff8fabfc4fca4f0df14a394c09d931cf2dbbf48304d6eed77412ff7","offers","2026-09-27T18:49:57.731Z","2026-09-27","America/Sao_Paulo","","","","","","","","","","",""
"Ourobra","Open PvP","Green","44443","115250","42403","63250","5352296225","2675296275","13100","1875","2026-09-27T15:50:34.629","019f9b84258b56bcaa830c972a5ed4e3c86e2480e78280778eb3e79d4df24d7f","offers","2026-09-27T18:50:34.629Z","2026-09-27","America/Sao_Paulo","","","","","","","","","","",""
"Luzibra","Optional PvP","Green","45555","11150","42129","2425","508361550","101451375","11050","100","2026-09-27T15:50:59.777","b4240b1e945463f63e69209b996f1f637ac830e3f38753d284b5670c561ba0f8","offers","2026-09-27T18:50:59.777Z","2026-09-27","America/Sao_Paulo","","","","","","","","","","",""
"Descubra","Optional PvP","Green","46250","115850","43200","43700","5625937200","1882378775","9775","4250","2026-09-27T15:51:46.029","b5c361e159c526265acdbcd096c703ca9859fb11f376ccec95a1dc83ecdd7e5c","offers","2026-09-27T18:51:46.029Z","2026-09-27","America/Sao_Paulo","","","","","","","","","","",""
"Ombra","Open PvP","Green","46996","36775","44553","24875","1728314125","1083058075","550","100","2026-09-27T15:52:25.647","717452781b5a23dae31b367b3498b815f870601b69d5d30ccaeddcc2ab388339","offers","2026-09-27T18:52:25.647Z","2026-09-27","America/Sao_Paulo","","","","","","","","","","",""
"Belobra","Optional PvP","Yellow","47650","15925","45805","63950","798382450","2925187875","250","350","2026-09-27T15:53:16.978","cf1e25f171d51498a30fdb24cb12951d90839895491f8b7644201bb38666d6b0","offers","2026-09-27T18:53:16.978Z","2026-09-27","America/Sao_Paulo","","","","","","","","","","",""
"Luminera","Optional PvP","Yellow","48000","20550","45366","100250","991148800","4539130200","75","25","2026-09-27T15:53:46.178","9d463c9383ebbe549e1b31cc344bc99fc014590a97da165e6f8218ab28727a5a","offers","2026-09-27T18:53:46.178Z","2026-09-27","America/Sao_Paulo","","","","","","","","","","",""
"Rasteibra","Open PvP","Green","44996","85750","43155","20750","4000252450","888580650","4825","125","2026-09-27T15:54:58.313","4fc83bc0fee2d04319caf8e32c9ccf7c872277703946cec91257b19e60c58acf","offers","2026-09-27T18:54:58.313Z","2026-09-27","America/Sao_Paulo","","","","","","","","","","",""
"Quelibra","Open PvP","Yellow","45300","67700","43540","48450","3126185525","2109424425","9350","25","2026-09-27T15:55:33.763","3a4059d5670f52c0c9f9b49cbea1f7636382d2507eb9b8286291ef16f805d444","offers","2026-09-27T18:55:33.763Z","2026-09-27","America/Sao_Paulo","","","","","","","","","","",""
"Ustebra","Optional PvP","Green","45745","29350","44213","37175","1355834400","1639136450","10600","7225","2026-09-27T15:57:59.927","a268e6391da2df486b680774b11d18813ca721d84d61f030599c011b669083a5","offers","2026-09-27T18:57:59.927Z","2026-09-27","America/Sao_Paulo","","","","","","","","","","",""
"Gentebra","Optional PvP","Yellow","49888","66950","47502","42025","3345660075","1933611375","14850","50","2026-09-28T07:11:43.158","1cb8beb901b1b9232ee1e9fb5717132c6ef82cbe2899e8f603ae8938463b41c9","offers","2026-09-28T10:11:43.158Z","2026-09-28","America/Sao_Paulo","","","","","","","","","","",""
"Ustebra","Optional PvP","Green","45733","20650","44082","47125","944508900","2072203525","17250","3025","2026-09-28T07:16:34.070","82600ebcdf5679cd7f7b98d55f361c344a8114742dc606faabfa517ea480599c","offers","2026-09-28T10:16:34.070Z","2026-09-28","America/Sao_Paulo","","","","","","","","","","",""
"Ourobra","Open PvP","Green","44848","122100","42806","54025","5823103250","2285417725","125","25","2026-09-28T08:23:33.468","20334680a7d6cc59cb169db718a3d9fe3c6fd1d3f6b9bf1c81d72a63a43f58f3","offers","2026-09-28T11:23:33.468Z","2026-09-28","America/Sao_Paulo","","","","","","","","","","",""
"Collabra","Optional PvP","Green","47100","25125","43712","44025","1228207500","1923672475","225","100","2026-09-28T08:23:57.652","e6c01ab984668318bf19daca3487cb6aa180a9c198fae69d516670e8b40bbb24","offers","2026-09-28T11:23:57.652Z","2026-09-28","America/Sao_Paulo","","","","","","","","","","",""
"Venebra","Optional PvP","Green","45495","87775","44100","69575","4053358375","3028578875","23050","75","2026-09-28T08:24:34.570","f375f1b88b14a6b8739b1669911ecacf31e48d149291b233a7f5e4bc0be46ce2","offers","2026-09-28T11:24:34.570Z","2026-09-28","America/Sao_Paulo","","","","","","","","","","",""
"Tornabra","Open PvP","Green","45490","52575","43853","21100","2455687275","924838250","2475","16275","2026-09-28T08:25:13.520","a04e31121204aaa739faedecaf200474e26ec7e94c6ea799da474622a16faaa9","offers","2026-09-28T11:25:13.520Z","2026-09-28","America/Sao_Paulo","","","","","","","","","","",""
"Luzibra","Optional PvP","Green","44899","10125","42300","2475","461591900","104319525","25","250","2026-09-28T08:26:20.653","a28e41415174629b5707ea3a440bf0f6321a04135655b4ba58c1056b9752b3f0","offers","2026-09-28T11:26:20.653Z","2026-09-28","America/Sao_Paulo","","","","","","","","","","",""
"Descubra","Optional PvP","Green","46900","34625","43751","44375","1627126300","1935245500","10750","275","2026-09-28T08:26:56.105","52745828142a5e76dfc3817cf16bd79b7e4c0a94a911057b6e781dc211929ffd","offers","2026-09-28T11:26:56.105Z","2026-09-28","America/Sao_Paulo","","","","","","","","","","",""
"Ombra","Open PvP","Green","46882","46150","43522","29450","2163782800","1281056200","50","1200","2026-09-28T08:27:30.588","79e2f52b881e8759bab99fe9aff81225c5c9b78ae65f7af17ab43e3decf85925","offers","2026-09-28T11:27:30.588Z","2026-09-28","America/Sao_Paulo","","","","","","","","","","",""
"Belobra","Optional PvP","Yellow","49907","12050","45851","33025","604189800","1513779425","11400","21450","2026-09-28T08:28:23.705","34fca95c73fb1ea2da25b063a696065ca2005390992ec8b9546ef61d0771cbd8","offers","2026-09-28T11:28:23.705Z","2026-09-28","America/Sao_Paulo","","","","","","","","","","",""
"Luminera","Optional PvP","Yellow","48184","24475","46004","46925","1180267175","2142486325","12150","225","2026-09-28T08:28:45.988","75a2edb2402bbfcea899de5d7e167d0faa2e2c221c5a87352fe9567e4a763f1b","offers","2026-09-28T11:28:45.988Z","2026-09-28","America/Sao_Paulo","","","","","","","","","","",""
"Rasteibra","Open PvP","Green","46495","86175","43555","15150","4025044250","659336525","500","200","2026-09-28T08:29:50.223","f449b6beb5f9605bc838aa1308821ea5bad5528f4b1e224c99db23791095e40d","offers","2026-09-28T11:29:50.223Z","2026-09-28","America/Sao_Paulo","","","","","","","","","","",""
"Quelibra","Open PvP","Yellow","45200","47200","43543","66425","2215118175","2892252350","1675","42725","2026-09-28T08:32:47.572","7d6d04be063b3e252f4a2359d0bd4a6ae7dcefaccbfbf8ed1ff4748a5bb19f83","offers","2026-09-28T11:32:47.572Z","2026-09-28","America/Sao_Paulo","","","","","","","","","","",""
"Antica","Open PvP","Yellow","44599","108425","43900","237750","4864277400","10372125925","59500","200","2026-09-28T08:33:30.739","6548c1c9cb6be3c516c7ee4ffcc67d7e333fa2b6ecfe6a0e82a38677c5a83349","offers","2026-09-28T11:33:30.739Z","2026-09-28","America/Sao_Paulo","","","","","","","","","","",""
"Astera","Optional PvP","Yellow","48394","27475","45200","47025","1329994775","2100710400","12475","250","2026-09-28T08:38:20.554","a92455934dfef0f4045f21826a461e43cd05d0fdff5ddffd00d6c83dfd3ca090","offers","2026-09-28T11:38:20.554Z","2026-09-28","America/Sao_Paulo","","","","","","","","","","",""
"Celebra","Optional PvP","Yellow","48500","52450","46130","29975","2565849625","1363181950","200","925","2026-09-28T08:38:52.937","58b4e9b5d79959fa4f203511fbac7ea946a6dc6968dfc9b55c2ad203c784ea6a","offers","2026-09-28T11:38:52.937Z","2026-09-28","America/Sao_Paulo","","","","","","","","","","",""
"Dracobra","Open PvP","Green","44488","1325","41222","10400","58981100","428634925","125","25","2026-09-28T08:39:18.941","d0421ecac9f2f29aa612bd0b02220fb2c7a76c900da14960a259fea9755efe18","offers","2026-09-28T11:39:18.941Z","2026-09-28","America/Sao_Paulo","","","","","","","","","","",""
"Ferobra","Open PvP","Yellow","45897","43675","43157","114025","2052476525","4907211750","150","12675","2026-09-28T08:39:59.757","d6a1797c9082890d47faccbcbdb4ebd88c4e7f3e18f599c82033e05eb6e47c6d","offers","2026-09-28T11:39:59.757Z","2026-09-28","America/Sao_Paulo","","","","","","","","","","",""
"Floribra","Optional PvP","Green","29749","800","26408","1125","23858625","29683300","125","350","2026-09-28T08:40:18.789","1ecb763ae559d42b392701d5ebbf045065a4b8d241244588a2d456686ee83582","offers","2026-09-28T11:40:18.789Z","2026-09-28","America/Sao_Paulo","","","","","","","","","","",""
"Issobra","Optional PvP","Green","45889","20400","43369","76150","938837825","3287425125","17925","3600","2026-09-28T08:41:45.991","b1034857dc466a48504fe1eff661cb05ee3eeea6f1c811a5248996d42abd4eb3","offers","2026-09-28T11:41:45.991Z","2026-09-28","America/Sao_Paulo","","","","","","","","","","",""
"Kalanta","Optional PvP","Green","44800","48325","42509","24550","2182290350","1037414700","1850","2150","2026-09-28T08:42:15.638","76f1a10a1240dbfd52f552506ff8b418ffb64116a270bc29df795472b6ba2d35","offers","2026-09-28T11:42:15.638Z","2026-09-28","America/Sao_Paulo","","","","","","","","","","",""
"Kalibra","Optional PvP","Yellow","47790","50075","45751","95925","2448441500","4358939050","13750","29725","2026-09-28T08:42:37.673","3b274c2cf1cb9b6b5ddbe5a1156907997b50a9bffb89365e51728c53ccd8533e","offers","2026-09-28T11:42:37.673Z","2026-09-28","America/Sao_Paulo","","","","","","","","","","",""
"Lobera","Open PvP","Yellow","47500","58850","43802","37175","2819091300","1627460000","150","75","2026-09-28T08:43:04.289","96779197d6b68176e78601737b9bf962a22a4ac4adea012c5b6f918019adbc97","offers","2026-09-28T11:43:04.289Z","2026-09-28","America/Sao_Paulo","","","","","","","","","","",""
"Nefera","Optional PvP","Yellow","48980","22500","46001","56700","1180492175","2568639475","500","9750","2026-09-28T08:43:34.008","c12a312fb191abdae9a4f463c2728d4b33ae2e822c132ebbfb7a937e1aa27d6e","offers","2026-09-28T11:43:34.008Z","2026-09-28","America/Sao_Paulo","","","","","","","","","","",""
"Nevia","Optional PvP","Green","44540","47275","43303","141275","2117669125","6111483350","3875","63600","2026-09-28T08:43:54.173","3589af2dc712dec9cfc2795ea15ee4d435cacacad1be9691f6eef694801bc83c","offers","2026-09-28T11:43:54.173Z","2026-09-28","America/Sao_Paulo","","","","","","","","","","",""
"Refugia","Optional PvP","Yellow","48777","69700","45226","87025","3401812850","3917695650","12450","23225","2026-09-28T08:45:05.805","2174fb624b98f5d2b4e090a3b40258b28d001a5e45516ca0b2630044d536a831","offers","2026-09-28T11:45:05.805Z","2026-09-28","America/Sao_Paulo","","","","","","","","","","",""
"Terribra","Retro Hardcore PvP","Green","40950","53775","39800","72250","2220141350","2857771125","5975","6150","2026-09-28T08:46:22.054","58336284616efffe7dd1a577ca3f2ef9ae585e2d3c2aade9b23ba524d7e86690","offers","2026-09-28T11:46:22.054Z","2026-09-28","America/Sao_Paulo","","","","","","","","","","",""
"Vunira","Open PvP","Yellow","46799","39125","45006","71425","1831758100","3204469725","8575","60175","2026-09-28T08:47:01.473","bea3d5feed11f8af046131c232f10ee5ebe81582373232a1ec689f6503ab4202","offers","2026-09-28T11:47:01.473Z","2026-09-28","America/Sao_Paulo","","","","","","","","","","",""
"Ustebra","Optional PvP","Green","47488","75025","45205","28100","3574765325","1268259700","18450","150","2026-09-30T04:02:30.108","c87d073684f08366aafd6dd7470c25f21737e0425608187f183bd91c27d8235e","offers","2026-09-30T07:02:30.108Z","2026-09-30","America/Sao_Paulo","","","","","","","","","","",""
"Astera","Optional PvP","Yellow","48200","14875","46002","38700","718624825","1765257325","7525","225","2026-09-30T04:02:45.323","90c69a56b24467b14612a0831c31346f0e76037e63ac01a2af9a68bc19f9e6ee","offers","2026-09-30T07:02:45.323Z","2026-09-30","America/Sao_Paulo","","","","","","","","","","",""
"Celebra","Optional PvP","Yellow","48893","46775","46202","23450","2288268250","1078939825","275","100","2026-09-30T04:02:59.772","6edbfe6276f22b07eda636207c47608bf899972a103c0ea016e4f833d0cbceda","offers","2026-09-30T07:02:59.772Z","2026-09-30","America/Sao_Paulo","","","","","","","","","","",""
"Dracobra","Open PvP","Green","44500","900","41255","8225","40106550","339084125","125","50","2026-09-30T04:03:10.889","c6fbaf3e8c232ee8119814348bd6ef2d7f8f81a8c99cb7691f7c9b25c6996363","offers","2026-09-30T07:03:10.889Z","2026-09-30","America/Sao_Paulo","","","","","","","","","","",""
"Ferobra","Open PvP","Yellow","46878","46350","45117","69250","2178479400","3123983775","11825","54000","2026-09-30T04:03:22.674","917f2c03fa5b4f1d5ea72d6efc20287b31c46392c609da9e0c89bedcd445e067","offers","2026-09-30T07:03:22.674Z","2026-09-30","America/Sao_Paulo","","","","","","","","","","",""
"Floribra","Optional PvP","Green","32000","1775","28706","725","58231475","20779775","100","150","2026-09-30T04:03:36.574","6865d3b9bdb922fc848ab90486516a9f4012f92dd59148755cf585f28f3e0e0e","offers","2026-09-30T07:03:36.574Z","2026-09-30","America/Sao_Paulo","","","","","","","","","","",""
"Kalibra","Optional PvP","Yellow","47715","42050","46063","30275","2062134375","1347152050","2150","1300","2026-09-30T04:04:40.974","b9ff1d5b0eb4388671db348e0e175a3380071e564d7429297f5520ba6c70b845","offers","2026-09-30T07:04:40.974Z","2026-09-30","America/Sao_Paulo","","","","","","","","","","",""
"Nefera","Optional PvP","Yellow","49400","46675","46753","13300","2384864100","619944500","10225","150","2026-09-30T04:05:09.375","350d57fcbd5d70375b5c9b006025c1d4cce4debd111e59e9e1a05ddec5e13a8e","offers","2026-09-30T07:05:09.375Z","2026-09-30","America/Sao_Paulo","","","","","","","","","","",""
"Nevia","Optional PvP","Green","44700","34925","43529","69325","1576194450","3017372250","900","2650","2026-09-30T04:05:22.010","eaa2db1443bf5ae1fe5814276ccf6b8349db152b19028f040ef9024b8b62a0a1","offers","2026-09-30T07:05:22.010Z","2026-09-30","America/Sao_Paulo","","","","","","","","","","",""
"Pacera","Optional PvP","Yellow","48749","26075","46871","77250","1275070550","3490370850","5200","225","2026-09-30T04:05:35.091","aff32b65a292d9e111fc9651b2f8d6240f940ef1b84f52a0bb85f7fa90f43f4b","offers","2026-09-30T07:05:35.091Z","2026-09-30","America/Sao_Paulo","","","","","","","","","","",""
"Peloria","Open PvP","Yellow","46549","56125","43655","76875","2616380775","3354540650","34775","75","2026-09-30T04:05:47.245","ba328d35caaf3f15ccb4af62a79815fc1c136ba338fbfcd1e696ea8b08bd7804","offers","2026-09-30T07:05:47.245Z","2026-09-30","America/Sao_Paulo","","","","","","","","","","",""
"Refugia","Optional PvP","Yellow","48498","16225","46301","58100","788261575","2681664625","9175","1750","2026-09-30T04:06:01.426","180e7265a93c0ebb9e34a6e59b520eceeb2e7174a49929d2361a4cfbcea67e8f","offers","2026-09-30T07:06:01.426Z","2026-09-30","America/Sao_Paulo","","","","","","","","","","",""
"Secura","Optional PvP","Yellow","48595","42100","47756","171350","2047589850","8131178725","27150","1975","2026-09-30T04:06:15.144","2a699f6971b9cd0b1b5bfbaa7bb37165b0b51e5b76e0d214b862ca01c271a719","offers","2026-09-30T07:06:15.144Z","2026-09-30","America/Sao_Paulo","","","","","","","","","","",""
"Vunira","Open PvP","Yellow","45999","53050","44012","97475","2483786875","4235427800","350","925","2026-09-30T04:07:36.911","d8da6a4fd90d311bd75287ae20e30d1747dbc606be342dfec20c58f1fda390d8","offers","2026-09-30T07:07:36.911Z","2026-09-30","America/Sao_Paulo","","","","","","","","","","",""
"Yonabra","Optional PvP","Yellow","48998","74075","47150","57575","3654999800","2708160575","15300","75","2026-09-30T04:07:50.491","17d274d8505a267674579e3623ba1ea46ccffb757d2895b8e3f66c3d365cc2d1","offers","2026-09-30T07:07:50.491Z","2026-09-30","America/Sao_Paulo","","","","","","","","","","",""
"Xybra","Open PvP","Green","43333","7750","39501","1225","357255400","46785625","175","250","2026-09-30T04:08:03.542","197ab6fe022fb75a725e64ae40f9fe143a88cd632c2c0ff278c5f3df427f255f","offers","2026-09-30T07:08:03.542Z","2026-09-30","America/Sao_Paulo","","","","","","","","","","",""
"Gentebra","Optional PvP","Yellow","48887","55825","47513","102550","2771043075","4865173675","6575","25125","2026-09-30T04:15:23.781","fae518db81b3a1e092a0862360f7ffb75206c44995e16f5abcc0b9dbe6d10b52","offers","2026-09-30T07:15:23.781Z","2026-09-30","America/Sao_Paulo","","","","","","","","","","",""
"Ourobra","Open PvP","Green","47987","77575","44066","21175","3723427675","932482425","12175","6100","2026-09-30T04:16:04.535","07451de16c3f32348a53cf0c4c2a1f78b732e3785c9f716055c3e30c72505155","offers","2026-09-30T07:16:04.535Z","2026-09-30","America/Sao_Paulo","","","","","","","","","","",""
"Quelibra","Open PvP","Yellow","47430","37125","44532","62900","1761429650","2794141675","3975","5625","2026-09-30T04:16:39.985","807049a683f244a8441ced61c71b804627810fa712ede1ef0b991349765fb2a4","offers","2026-09-30T07:16:39.985Z","2026-09-30","America/Sao_Paulo","","","","","","","","","","",""
"Rasteibra","Open PvP","Green","47500","30875","45212","29825","1479303825","1348103900","2500","8825","2026-09-30T04:17:22.832","a75391e4c15663b510f5ce51ee7ecfde59c684dac14ca51f81e7f651c55a32c6","offers","2026-09-30T07:17:22.832Z","2026-09-30","America/Sao_Paulo","","","","","","","","","","",""
"Belobra","Optional PvP","Yellow","49900","17275","47400","129475","865513600","6119166075","375","34150","2026-09-30T04:17:58.834","7a2f9c1551cfbb14584c4500879c14fcfaf555afcffdb3b1648e800147b90a0c","offers","2026-09-30T07:17:58.834Z","2026-09-30","America/Sao_Paulo","","","","","","","","","","",""
"Luminera","Optional PvP","Yellow","48680","1600","46903","43750","78026000","2043645150","150","100","2026-09-30T04:18:35.368","c49dd68fc8b94c0c0d942f01f55a243658fc69661f3224e1819acfa1b3936918","offers","2026-09-30T07:18:35.368Z","2026-09-30","America/Sao_Paulo","","","","","","","","","","",""
"Ombra","Open PvP","Green","46090","86275","44414","30325","4052953475","1346726800","200","6750","2026-09-30T04:19:04.333","1c5cc50febdfddbb901df9be946714709911b30b9e1beb57b7fadfcf57cfc35b","offers","2026-09-30T07:19:04.333Z","2026-09-30","America/Sao_Paulo","","","","","","","","","","",""
"Descubra","Optional PvP","Green","48999","77725","44011","33575","3838386975","1471069950","150","475","2026-09-30T04:19:29.485","806b1c23456a5d2e4cab699a05a57a8505c115d615e9342ac190f323a74c7cde","offers","2026-09-30T07:19:29.485Z","2026-09-30","America/Sao_Paulo","","","","","","","","","","",""
"Luzibra","Optional PvP","Green","45552","5450","42216","2625","248274025","110722225","125","25","2026-09-30T04:19:46.350","367c05202b046ffb21fc57b51285b55a99ee2d6fb2259d20e9286cbe53496c21","offers","2026-09-30T07:19:46.350Z","2026-09-30","America/Sao_Paulo","","","","","","","","","","",""
"Antica","Open PvP","Yellow","45986","70900","44552","287275","3263973900","12625494475","59375","19400","2026-09-30T04:20:06.602","952056a2d87997fd5738be8733568a87a13703ac4ec8c579894ae09f3592dbb7","offers","2026-09-30T07:20:06.602Z","2026-09-30","America/Sao_Paulo","","","","","","","","","","",""
"Tornabra","Open PvP","Green","46974","35600","44952","19300","1673907675","866011650","31875","100","2026-09-30T04:20:26.665","fbbc68bd2908f72b81a2de4fbaa54725af330a114a95bddd935c938c9cb34cfe","offers","2026-09-30T07:20:26.665Z","2026-09-30","America/Sao_Paulo","","","","","","","","","","",""
"Venebra","Optional PvP","Green","46271","38550","44511","124000","1800605100","5414945625","250","7275","2026-09-30T04:20:59.068","78f9d3013ecb359856c1ddaa425b979f3f20ff69851ef1ef854a986e4225947f","offers","2026-09-30T07:20:59.068Z","2026-09-30","America/Sao_Paulo","","","","","","","","","","",""
"Collabra","Optional PvP","Green","46480","32700","44107","44125","1520535475","1942571400","3750","3275","2026-09-30T04:21:30.035","795d220d52f81d0cffc4fd4d00be670733742e35d70dfdc7111617053fdfc987","offers","2026-09-30T07:21:30.035Z","2026-09-30","America/Sao_Paulo","","","","","","","","","","",""
"Ustebra","Optional PvP","Green","46251","70550","44705","44025","3285440375","1911519175","12325","4925","2026-09-30T20:46:43.110","2bd0609e9b8cfa4857e3882d80089f96de127b7564400b9950f7c412ced78b16","offers","2026-09-30T23:46:43.110Z","2026-09-30","America/Sao_Paulo","","","","","","","","","","",""
"Astera","Optional PvP","Yellow","49996","16050","46600","29325","802439400","1343554150","12525","6375","2026-09-30T20:46:55.946","b985f527c505fbc7c62c7131d3db0cc7fbbe17804ccd73d242914844b270d7f0","offers","2026-09-30T23:46:55.946Z","2026-09-30","America/Sao_Paulo","","","","","","","","","","",""
"Celebra","Optional PvP","Yellow","48885","48000","47002","72025","2348005050","3361229600","1025","250","2026-09-30T20:47:07.079","95fefb0beb7db2d9973a667ee8c6a7a6b50fee2fcee2d2b3e9965c16f35b6fb4","offers","2026-09-30T23:47:07.079Z","2026-09-30","America/Sao_Paulo","","","","","","","","","","",""
"Dracobra","Open PvP","Green","44572","875","41604","2250","39004475","93301825","50","25","2026-09-30T20:47:17.239","38a1b5059379a2481362539fa7c26c951127964e68555a61975bc45ae97d9e6c","offers","2026-09-30T23:47:17.239Z","2026-09-30","America/Sao_Paulo","","","","","","","","","","",""
"Ferobra","Open PvP","Yellow","47350","42125","45511","90100","2026181300","4095564550","1425","62450","2026-09-30T20:47:31.225","d71d7bf4ad154a016d03dd76dee92a8822a8764d62726d8aa964d8548c3abff8","offers","2026-09-30T23:47:31.225Z","2026-09-30","America/Sao_Paulo","","","","","","","","","","",""
"Floribra","Optional PvP","Green","31190","1275","29004","1150","39940500","33192775","250","50","2026-09-30T20:47:42.111","ea081013cc261c195d2138dd7178ce03289cbaae7a43571d7fdfeafa29e88c90","offers","2026-09-30T23:47:42.111Z","2026-09-30","America/Sao_Paulo","","","","","","","","","","",""
"Inabra","Open PvP","Yellow","45988","71600","44001","98025","3420820525","4251185375","3025","43300","2026-09-30T20:48:02.878","803923033531098dc1cbe05620acdec05fda68cad12ce852ef205a4e88cd6dc7","offers","2026-09-30T23:48:02.878Z","2026-09-30","America/Sao_Paulo","","","","","","","","","","",""
"Issobra","Optional PvP","Green","46995","33300","44100","26025","1564958700","1140575450","21700","100","2026-09-30T20:48:12.195","ecd39ea1c97ec01300ccd014e944797731cbb9523ff3f2e7a372f158323186be","offers","2026-09-30T23:48:12.195Z","2026-09-30","America/Sao_Paulo","","","","","","","","","","",""
"Lobera","Open PvP","Yellow","46887","29450","44202","52825","1392970775","2328286075","12600","75","2026-09-30T20:48:45.230","61c277eedb232696f4e470ba86578170ad9d0ee10bf29262c7343fde07030908","offers","2026-09-30T23:48:45.230Z","2026-09-30","America/Sao_Paulo","","","","","","","","","","",""
"Nefera","Optional PvP","Yellow","49298","41575","47002","34400","2055657050","1615782575","250","1525","2026-09-30T20:48:55.878","a193261912be13372065657a756520a0017328ec028cc873369bcab42fd13f57","offers","2026-09-30T23:48:55.878Z","2026-09-30","America/Sao_Paulo","","","","","","","","","","",""
"Nevia","Optional PvP","Green","44798","50400","44000","51525","2259389150","2245523725","175","14100","2026-09-30T20:49:05.565","49b0dc4edf840c26a5a5d8cf93fd0e3e55f163271f0b0b27f7220fb880a141ad","offers","2026-09-30T23:49:05.565Z","2026-09-30","America/Sao_Paulo","","","","","","","","","","",""
"Pacera","Optional PvP","Yellow","48285","24125","47000","70150","1176316075","3163439825","7925","2075","2026-09-30T20:49:14.097","6e87d9dc2133274978f5ef1e82df17a6aa3045db9de6024e28b4007b8723e26e","offers","2026-09-30T23:49:14.097Z","2026-09-30","America/Sao_Paulo","","","","","","","","","","",""
"Peloria","Open PvP","Yellow","46397","42725","43819","64550","1983000800","2828406625","250","61000","2026-09-30T20:49:23.297","3ba7caf2bb901ad55223e3674e8652379cb32498d94a5d6c7c22246f535a4ecd","offers","2026-09-30T23:49:23.297Z","2026-09-30","America/Sao_Paulo","","","","","","","","","","",""
"Refugia","Optional PvP","Yellow","48350","49450","46262","61900","2394563600","2861976900","125","17325","2026-09-30T20:49:32.879","1db2e146b71fb488822ba0dce342d8cf85570a4c6551e34d5d4238ff6ff18e1e","offers","2026-09-30T23:49:32.879Z","2026-09-30","America/Sao_Paulo","","","","","","","","","","",""
"Vunira","Open PvP","Yellow","46195","60625","45001","60775","2806516850","2732393300","40000","44750","2026-09-30T20:50:25.896","c02c0d02d3c03787622f1804249f11eebeb76d60d37dfd9a27ef4580ac8e4336","offers","2026-09-30T23:50:25.896Z","2026-09-30","America/Sao_Paulo","","","","","","","","","","",""
"Gentebra","Optional PvP","Yellow","49980","59900","47635","73850","2994661375","3503047975","1700","6525","2026-09-30T22:40:45.680","0ceb3b1f86d8c8a7a280b0bfd5909a1bce71237545999b6b0ad8b9184d541c14","offers","2026-10-01T01:40:45.680Z","2026-09-30","America/Sao_Paulo","","","","","","","","","","",""
"Collabra","Optional PvP","Green","45987","72225","44205","24475","3323767725","1079727350","28000","1950","2026-09-30T22:41:53.630","b50c918eb7eea2a99b108c06a5285d5c822db1854343bbe507e2faae774ddf0d","offers","2026-10-01T01:41:53.630Z","2026-09-30","America/Sao_Paulo","","","","","","","","","","",""
"Venebra","Optional PvP","Green","46929","47175","45208","46900","2214257525","2099559650","6950","50","2026-09-30T22:42:26.683","26131f6a5bc834f3c7cf66c68aa13722560c3c4edc6c64c75672d6b0728b0c9d","offers","2026-10-01T01:42:26.683Z","2026-09-30","America/Sao_Paulo","","","","","","","","","","",""
"Tornabra","Open PvP","Green","47897","40250","45010","16225","1927858575","729069950","38475","300","2026-09-30T22:43:01.834","3c1e3552a60be8ce14ac40f3fa3b1694178aada63820f36da6094c0a45153e22","offers","2026-10-01T01:43:01.834Z","2026-09-30","America/Sao_Paulo","","","","","","","","","","",""
"Antica","Open PvP","Yellow","46998","88475","44203","243725","4161462350","10731078550","24325","1050","2026-09-30T22:43:22.933","c64a9684ab4451b7df7e16dc8b59b6650f8432c933196bc39c0045b094fd8188","offers","2026-10-01T01:43:22.933Z","2026-09-30","America/Sao_Paulo","","","","","","","","","","",""
"Ourobra","Open PvP","Green","47979","99250","45092","62550","5019308475","2818805050","175","56975","2026-09-30T22:43:40.384","7836e9d9d053c29e306b9c2a071a00504693ab6783c1b715df71583ca129ebbe","offers","2026-10-01T01:43:40.384Z","2026-09-30","America/Sao_Paulo","","","","","","","","","","",""
"Luzibra","Optional PvP","Green","46999","2075","42005","6925","98523325","287659550","1475","50","2026-09-30T22:43:57.949","9b9d76f18ed5a094189fe2dbe7d4ec91ca2cde383c3e1d35e5c804c928df842b","offers","2026-10-01T01:43:57.949Z","2026-09-30","America/Sao_Paulo","","","","","","","","","","",""
"Descubra","Optional PvP","Green","46400","90400","44526","48750","4395947075","2168659525","25","11025","2026-09-30T22:44:18.235","35f83d870bb401707936559e463416487392ca78884fefd5c09002a136f77225","offers","2026-10-01T01:44:18.235Z","2026-09-30","America/Sao_Paulo","","","","","","","","","","",""
"Ombra","Open PvP","Green","47848","37600","44801","21975","1799196125","980298525","375","250","2026-09-30T22:44:50.516","0b01cf22c4d9ffdb28519943adf91ce7293ebd2ae8ea77f24cd7b4616f86f097","offers","2026-10-01T01:44:50.516Z","2026-09-30","America/Sao_Paulo","","","","","","","","","","",""
"Belobra","Optional PvP","Yellow","48989","35875","48356","75725","1764682025","3627965125","13475","23225","2026-09-30T22:45:25.633","48b837023c78eed5d2b5a2d451a0585a883ecdf71de9a59b6688e64741f308aa","offers","2026-10-01T01:45:25.633Z","2026-09-30","America/Sao_Paulo","","","","","","","","","","",""
"Luminera","Optional PvP","Yellow","49988","19050","47446","60750","955671100","2875258450","7200","21800","2026-09-30T22:45:46.671","db387ffeef8d8bc621ac1cf8f21cbd4999ae25e098327148bd3a540cac28a86f","offers","2026-10-01T01:45:46.671Z","2026-09-30","America/Sao_Paulo","","","","","","","","","","",""
"Rasteibra","Open PvP","Green","46332","72625","45353","46700","3421609875","2116489000","7750","34175","2026-09-30T22:46:39.633","9c19387679c4d802d59ebf051fd55672854a8266c0f542564d2ca67f4fae1180","offers","2026-10-01T01:46:39.633Z","2026-09-30","America/Sao_Paulo","","","","","","","","","","",""
"Quelibra","Open PvP","Yellow","47415","42750","45008","22075","2027550475","989852900","450","100","2026-09-30T22:47:14.800","16031060abb88af0edb210016bd648d9391d2b27d2890be3c6e4e77f9536809b","offers","2026-10-01T01:47:14.800Z","2026-09-30","America/Sao_Paulo","","","","","","","","","","",""
"Ourobra","Open PvP","Green","47980","97900","45092","64400","4954535650","2899574150","29750","56950","2026-09-30T22:47:51.068","23909454eeb2fe8688653d8bbef62b9f500f3c05bd9b5a35466f83eeca109062","offers","2026-10-01T01:47:51.068Z","2026-09-30","America/Sao_Paulo","","","","","","","","","","",""
"Ustebra","Optional PvP","Green","45994","44575","44047","38750","2068558800","1699132100","6425","8025","2026-10-01T11:36:52.057","3a28c62389098f996f48d659092dc2f68bdc76820df172aaaf5a5197b786c9e2","offers","2026-10-01T14:36:52.057Z","2026-10-01","America/Sao_Paulo","","","","","","","","","","",""
"Dracobra","Open PvP","Green","43798","1175","39506","950","51589600","37385250","25","75","2026-10-01T11:37:25.376","54801333a84a36b1a2e62f59a0ae6762ba02b0f518dc1245d3dd8e2b3145490e","offers","2026-10-01T14:37:25.376Z","2026-10-01","America/Sao_Paulo","","","","","","","","","","",""
"Floribra","Optional PvP","Green","31111","1000","28828","750","31935600","21613175","25","175","2026-10-01T11:37:44.323","dc95e685248260ff58e54c26ea44175338ebd7d1aa19819c715bf61f964c4607","offers","2026-10-01T14:37:44.323Z","2026-10-01","America/Sao_Paulo","","","","","","","","","","",""
"Inabra","Open PvP","Yellow","46500","133625","43122","45225","6293370650","1950102075","28500","5500","2026-10-01T11:38:02.941","5bc9e7b9edb7f012aba5e0abeb96d6701ff7bfad2d2d1a31e68d959e4c828453","offers","2026-10-01T14:38:02.941Z","2026-10-01","America/Sao_Paulo","","","","","","","","","","",""
"Kalanta","Optional PvP","Green","47495","18300","43090","28400","891154775","1217923775","250","50","2026-10-01T11:38:21.540","9f9f9de05c8ee3430f53b933ef5b69392e6776c6e3bf9ea82e5c8590fa51faf4","offers","2026-10-01T14:38:21.540Z","2026-10-01","America/Sao_Paulo","","","","","","","","","","",""
"Kalibra","Optional PvP","Yellow","48998","87500","47001","56000","4319214975","2558724525","19375","4300","2026-10-01T11:38:30.557","c8aed7c54f441407baa17760d601d25f737619528eed6a278451995b162fe7ad","offers","2026-10-01T14:38:30.557Z","2026-10-01","America/Sao_Paulo","","","","","","","","","","",""
"Lobera","Open PvP","Yellow","47300","26475","45101","45025","1262763075","2024924275","1000","17275","2026-10-01T11:38:39.377","7802b2d83f0a6755c25b31d0aa26223a62a8ab2b283a4354a9cbeaf5fe81201b","offers","2026-10-01T14:38:39.377Z","2026-10-01","America/Sao_Paulo","","","","","","","","","","",""
"Nefera","Optional PvP","Yellow","49299","40400","46950","19075","2069489550","878287700","8250","3225","2026-10-01T11:38:49.724","2cda0e5970f0f69f7c5177be589bf2fe6a74fe8da1dccee66f176932df6209cc","offers","2026-10-01T14:38:49.724Z","2026-10-01","America/Sao_Paulo","","","","","","","","","","",""
"Nevia","Optional PvP","Green","44842","42800","43224","221500","1919537775","9555103425","5250","41300","2026-10-01T11:39:03.206","544173c1ca6bd87f4f4cea8690f16317bb5f8a11518146067e96f40edce74d66","offers","2026-10-01T14:39:03.206Z","2026-10-01","America/Sao_Paulo","","","","","","","","","","",""
"Pacera","Optional PvP","Yellow","47995","23275","46306","136175","1134479150","3232308000","500","425","2026-10-01T11:39:14.492","e2e158c8e20df4cbfe7b81e5dc392bd994f1d6e49c1806c9f68e167241d87187","offers","2026-10-01T14:39:14.492Z","2026-10-01","America/Sao_Paulo","","","","","","","","","","",""
"Peloria","Open PvP","Yellow","45500","75950","43819","58400","3507373900","2558903400","3300","54775","2026-10-01T11:39:24.008","fc487d2d7c314a22e5c67e1aa15b08188182e4fa06ad5c30d470df19885e95c1","offers","2026-10-01T14:39:24.008Z","2026-10-01","America/Sao_Paulo","","","","","","","","","","",""
"Refugia","Optional PvP","Yellow","48345","35125","46301","53300","1699818400","2466088575","950","150","2026-10-01T11:39:36.723","5bc283e2a4d142b353737ba89e59b497e7006c80c993fc8e5c2ab6b2612bdb04","offers","2026-10-01T14:39:36.723Z","2026-10-01","America/Sao_Paulo","","","","","","","","","","",""
"Secura","Optional PvP","Yellow","49798","164000","48651","128950","8182123725","6211578000","63975","21550","2026-10-01T11:39:50.006","fa53966f47e5b4461e88aef58cc51a8362c9e9c5f960c2192845445086345f7d","offers","2026-10-01T14:39:50.006Z","2026-10-01","America/Sao_Paulo","","","","","","","","","","",""
"Talera","Open PvP","Yellow","45397","12050","42203","128300","547740925","5342727225","75","25","2026-10-01T11:40:07.993","e63751a536ccb9a7a71ae257a0dfa56d606fb25b1d3b202a1817d34f01758030","offers","2026-10-01T14:40:07.993Z","2026-10-01","America/Sao_Paulo","","","","","","","","","","",""
"Terribra","Retro Hardcore PvP","Green","43995","81050","40400","53525","3701983525","2140459450","12675","1600","2026-10-01T11:40:16.457","67868be3952a8ec53ff1e722bad29d4244555c21abf19b3f7b30b4e8f6941efb","offers","2026-10-01T14:40:16.457Z","2026-10-01","America/Sao_Paulo","","","","","","","","","","",""
"Vunira","Open PvP","Yellow","45300","100300","44500","10750","4597128725","477333050","225","7850","2026-10-01T11:40:33.824","948ce58009456f74615d3985a9df6305f0d117ba9b0b753d40e20cb21a458017","offers","2026-10-01T14:40:33.824Z","2026-10-01","America/Sao_Paulo","","","","","","","","","","",""
"Yonabra","Optional PvP","Yellow","48698","50200","47801","69450","2470063700","3309988200","14400","32300","2026-10-01T11:40:42.274","2106ec8e4710c8b0d7a6a2550f44ab72a03ce63d99f26dd580679a3c24c9527e","offers","2026-10-01T14:40:42.274Z","2026-10-01","America/Sao_Paulo","","","","","","","","","","",""
"Xybra","Open PvP","Green","44900","11200","42002","8875","517412000","368803325","50","100","2026-10-01T11:40:52.690","5f1916c041fcb1dd5edc1638c13d03f6dd9e38fbd491320897a15b33405bc5b3","offers","2026-10-01T14:40:52.690Z","2026-10-01","America/Sao_Paulo","","","","","","","","","","",""
"Collabra","Optional PvP","Green","48500","725","44117","28825","35547500","1270159675","450","25","2026-10-01T11:41:21.342","1dd26a07bf17405668674c17c1f047f61ba6f0281e99bc1fa512deb12b910c36","offers","2026-10-01T14:41:21.342Z","2026-10-01","America/Sao_Paulo","","","","","","","","","","",""
"Venebra","Optional PvP","Green","45475","48675","41700","36300","2249948375","1500344800","1850","8025","2026-10-01T11:42:50.212","6305d5864d8552f296fee1375804e802b5f02f11e3fbb508b4cda37a11c449e3","offers","2026-10-01T14:42:50.212Z","2026-10-01","America/Sao_Paulo","","","","","","","","","","",""
"Tornabra","Open PvP","Green","46999","31525","43570","17300","1509872050","742135300","50","425","2026-10-01T11:43:55.007","6a815460e3b5c3118e16744963d3b8e732214cba962cc530bd9bb6c11d280946","offers","2026-10-01T14:43:55.007Z","2026-10-01","America/Sao_Paulo","","","","","","","","","","",""
"Antica","Open PvP","Yellow","45498","152750","44253","230550","7073640625","10079799775","250","925","2026-10-01T11:44:16.225","9cbda4b6100cf48bf3b6607e74da3e008623e7a3d22ea458cfb7013212061cbb","offers","2026-10-01T14:44:16.225Z","2026-10-01","America/Sao_Paulo","","","","","","","","","","",""
"Ourobra","Open PvP","Green","46999","107650","45100","9000","5419055825","398078825","50","1250","2026-10-01T11:45:33.940","6b564e6ad44014dd74f6aaff8c28ffbbad320cd06433473871ed1154ba6c4d81","offers","2026-10-01T14:45:33.940Z","2026-10-01","America/Sao_Paulo","","","","","","","","","","",""
"Luzibra","Optional PvP","Green","46000","14775","41526","6625","694031100","274699725","200","50","2026-10-01T11:46:08.390","253f9b8a77d02c496d6c921c095de2982486dafa35117b655fdfa8fdae72b184","offers","2026-10-01T14:46:08.390Z","2026-10-01","America/Sao_Paulo","","","","","","","","","","",""
"Descubra","Optional PvP","Green","45999","40225","43059","169400","1857247075","7289477175","17100","45950","2026-10-01T11:46:50.608","033f3ef7faf4adcebf7a7e545da6e952e2027d642822b63543223cd0ba17808e","offers","2026-10-01T14:46:50.608Z","2026-10-01","America/Sao_Paulo","","","","","","","","","","",""
"Ombra","Open PvP","Green","47846","39750","45002","13525","1901878625","607734550","39625","275","2026-10-01T11:47:15.292","cd8a318fa949a6468cb473364959a07fe6ed1bba9110e3c90dd4664bb3a308ee","offers","2026-10-01T14:47:15.292Z","2026-10-01","America/Sao_Paulo","","","","","","","","","","",""
"Belobra","Optional PvP","Yellow","49988","31625","48150","30575","1593361700","1455615875","18775","12225","2026-10-01T11:48:02.842","5c125c4932d6047cf925875e9e2279e56820a203cf07b07ffb34445dda2fef6a","offers","2026-10-01T14:48:02.842Z","2026-10-01","America/Sao_Paulo","","","","","","","","","","",""
"Luminera","Optional PvP","Yellow","49985","24000","47800","49400","1203087575","2341808175","75","5350","2026-10-01T11:48:20.075","1af586d2a708a32996a38841f1461a154e5cfab0621d81afd502c71fb9b924d0","offers","2026-10-01T14:48:20.075Z","2026-10-01","America/Sao_Paulo","","","","","","","","","","",""
"Quelibra","Open PvP","Yellow","47410","49350","45015","19950","2340194725","895391975","100","7050","2026-10-01T12:22:32.760","92707f5006cad429c6b64a55d3ac2324f1036328a56cf76ad7f1be99f3392637","offers","2026-10-01T15:22:32.760Z","2026-10-01","America/Sao_Paulo","","","","","","","","","","",""
"Rasteibra","Open PvP","Green","45397","67250","42201","30450","3147925650","1277004300","700","15675","2026-10-01T12:23:06.676","5aa98c1606f41fb6c371612e82266d032aad44c8e2375eec3c611554b13e3b08","offers","2026-10-01T15:23:06.676Z","2026-10-01","America/Sao_Paulo","","","","","","","","","","",""
"Gentebra","Optional PvP","Yellow","49979","75850","47513","73625","3791831575","3435316650","19650","13650","2026-10-01T12:23:25.789","fc4681cd5ed2e17a32cc4c93125882398ccdf2523f7d5ee29bbe0da7e7c23746","offers","2026-10-01T15:23:25.789Z","2026-10-01","America/Sao_Paulo","","","","","","","","","","",""
"Gentebra","Optional PvP","Yellow","49979","75850","47513","73625","3791831575","3435316650","19650","13650","2026-10-01T12:23:40.189","59e01cf14a87c2baab31329d96dd995f9e6f82ee4ee5bcf9ceb2743087b76534","offers","2026-10-01T15:23:40.189Z","2026-10-01","America/Sao_Paulo","","","","","","","","","","",""
"Antica","Open PvP","Yellow","45493","109075","44000","218875","4989716700","9467340575","63950","62300","2026-10-01T12:38:18.086","8627d1022e9e6c1981d3d03fce49001835229bbb784648bd19ee4d3d9ee13385","offers","2026-10-01T15:38:18.086Z","2026-10-01","America/Sao_Paulo","","","","","","","","","","",""
"Antica","Open PvP","Yellow","45493","109075","42500","137400","4989716700","5791523825","63950","63425","2026-10-01T12:38:26.922","6b5d0e172219ea5f42c3a765479ffdb89ce5636888d8d10a3c6bec900bc7954b","offers","2026-10-01T15:38:26.922Z","2026-10-01","America/Sao_Paulo","","","","","","","","","","",""
"Gentebra","Optional PvP","Yellow","48500","43500","47514","70775","2158407025","3301171825","3150","25","2026-10-01T13:06:53.931","99338f8b8a9347c96f013608f65182ed60fe7b27266b2944e2ae78fcb1abc8ed","offers","2026-10-01T16:06:53.931Z","2026-10-01","America/Sao_Paulo","","","","","","","","","","",""
"Gentebra","Optional PvP","Yellow","48500","43500","47514","70775","2158407025","3301171825","3150","25","2026-10-01T13:10:17.655","1c7fb455c95e050f95d721b05860dce4a3fdbd7fd9b94c41ac10dc99417297d9","offers","2026-10-01T16:10:17.655Z","2026-10-01","America/Sao_Paulo","","","","","","","","","","",""
"Ustebra","Optional PvP","Green","45995","41550","44056","52125","1933167950","2288675500","2850","16275","2026-10-01T13:10:59.936","619965bcc7bed6d58b94007d0878b5e3f15c3c4165fe5542edfd825bf0bdd3d7","offers","2026-10-01T16:10:59.936Z","2026-10-01","America/Sao_Paulo","","","","","","","","","","",""
"Gentebra","Optional PvP","Yellow","47799","82325","46050","81450","4023665125","3713118750","20225","500","2026-10-02T00:16:36.598","1f62c518c970acd16a649e2d63a1125103b46195a9f2e30f12a7d2cbd64cca11","offers","2026-10-02T03:16:36.598Z","2026-10-02","America/Sao_Paulo","","","","","","","","","","",""
"Ustebra","Optional PvP","Green","44899","93125","40675","48225","4254180950","1939710650","75","3450","2026-10-02T00:17:03.654","004da85e4bb9b2f42cf00e4617e3d0f89fda499aa5c9e10dda1a851e1ca14751","offers","2026-10-02T03:17:03.654Z","2026-10-02","America/Sao_Paulo","","","","","","","","","","",""
"Ourobra","Open PvP","Green","46000","109150","42356","70825","5030531625","2997804175","2850","10400","2026-10-02T00:17:33.254","a23b19560b917ac4d80c026e61423470bbfad3a03e0e022d75bfbdaa8c97b8f3","offers","2026-10-02T03:17:33.254Z","2026-10-02","America/Sao_Paulo","","","","","","","","","","",""
"Quelibra","Open PvP","Yellow","46444","56600","43120","191075","2647195275","8219910425","2350","25","2026-10-02T00:18:05.686","4a44184426d700f056cdc6014039022a15880483c72a75ca85f69e68086d2fa5","offers","2026-10-02T03:18:05.686Z","2026-10-02","America/Sao_Paulo","","","","","","","","","","",""
"Rasteibra","Open PvP","Green","45299","65075","42020","18650","2951730275","783611025","38725","375","2026-10-02T00:18:36.867","a825255cef0b140824727094896cad955c1c8ea6c29dac2a982ff75610baa845","offers","2026-10-02T03:18:36.867Z","2026-10-02","America/Sao_Paulo","","","","","","","","","","",""
"Collabra","Optional PvP","Green","45500","72250","43600","134950","3495257275","5867024600","23600","3300","2026-10-02T00:19:01.749","2aee6b058abeb3f8b28f3bf8b6c589596c5c7b50f74855fdcc16935523be4734","offers","2026-10-02T03:19:01.749Z","2026-10-02","America/Sao_Paulo","","","","","","","","","","",""
"Venebra","Optional PvP","Green","44199","35975","42000","83175","1604690400","3471112275","775","50875","2026-10-02T00:19:30.551","bc3fbeb79144f2a294d523f94a808c4f8534fadb2229862b8d9de74783f1a0ff","offers","2026-10-02T03:19:30.551Z","2026-10-02","America/Sao_Paulo","","","","","","","","","","",""
"Tornabra","Open PvP","Green","43737","21650","40222","22625","947015475","903147625","1150","10300","2026-10-02T00:20:00.164","0e8938d9f043860922e11596abc0ac4eff11867b3defb5b7a35e9db82feb48ab","offers","2026-10-02T03:20:00.164Z","2026-10-02","America/Sao_Paulo","","","","","","","","","","",""
"Antica","Open PvP","Yellow","43447","132175","42511","199750","5786038975","7968470625","13050","19250","2026-10-02T00:20:15.650","fc5d8895e7d8314e94e3deff8960f85a6cda7e227f6b76fb09b6904f88938a8f","offers","2026-10-02T03:20:15.650Z","2026-10-02","America/Sao_Paulo","","","","","","","","","","",""
"Luzibra","Optional PvP","Green","42000","13425","39500","4550","627593575","176486975","50","175","2026-10-02T00:20:37.399","773bc50a477854b2dec729bbe3ebffc20592af863575a9ab3a1f15f91eb6e5dc","offers","2026-10-02T03:20:37.399Z","2026-10-02","America/Sao_Paulo","","","","","","","","","","",""
"Descubra","Optional PvP","Green","44393","48125","41508","13975","2144408325","573458075","650","2325","2026-10-02T00:20:51.832","25a0b103771661f17e8e6ad30bbdd08e09aaaea1afbf90a3a335d29290ac4f5c","offers","2026-10-02T03:20:51.832Z","2026-10-02","America/Sao_Paulo","","","","","","","","","","",""
"Ombra","Open PvP","Green","43999","50150","40504","16325","2302831500","655993500","1275","2075","2026-10-02T00:21:17.833","332d854fcf7cab3218abec8d0f1dea4a7c4c68d89980ffb3f91cd538ba00373f","offers","2026-10-02T03:21:17.833Z","2026-10-02","America/Sao_Paulo","","","","","","","","","","",""
"Belobra","Optional PvP","Yellow","47599","103950","45849","29850","4986446150","1357066475","33150","800","2026-10-02T00:21:41.117","a9fcb15440a7994eb2eabf92b540ba95e8c9804275dad7cf7a67a62a6508b5d9","offers","2026-10-02T03:21:41.117Z","2026-10-02","America/Sao_Paulo","","","","","","","","","","",""
"Luminera","Optional PvP","Yellow","47599","58625","45367","284825","2873799225","12841778325","21550","27950","2026-10-02T00:21:55.633","8f6ab14e1a6559cd4c961dda9b0c80900db2103bd749b78326fac55fc6fbd881","offers","2026-10-02T03:21:55.633Z","2026-10-02","America/Sao_Paulo","","","","","","","","","","",""
"Dracobra","Open PvP","Green","41798","17675","38603","5275","738975425","202883000","12275","25","2026-10-02T00:26:05.490","c84287e8c46fadb926970cabda6aba61acb40c588ac88d29b76b5e6e8418d381","offers","2026-10-02T03:26:05.490Z","2026-10-02","America/Sao_Paulo","","","","","","","","","","",""
"Ferobra","Open PvP","Yellow","45499","47375","43201","76825","2179699450","3317900625","400","34600","2026-10-02T00:26:19.919","2c46077de0b7314b53f61b5bf8b37175c014904214886c50bfe5ab0304b97d2e","offers","2026-10-02T03:26:19.919Z","2026-10-02","America/Sao_Paulo","","","","","","","","","","",""
"Floribra","Optional PvP","Green","26995","875","22108","1075","24325800","23712675","100","25","2026-10-02T00:26:33.990","d10181cdb78dcb319bcf6496dac4d881e0ce290e9a5a0131627b03e44d36efb0","offers","2026-10-02T03:26:33.990Z","2026-10-02","America/Sao_Paulo","","","","","","","","","","",""
"Honbra","Open PvP","Green","42700","103575","40353","66725","4546336950","1004077950","3125","300","2026-10-02T00:26:46.370","76bcaeaee6ca4218107a765185493adcee3802707f6e31a7e175365733e5d46a","offers","2026-10-02T03:26:46.370Z","2026-10-02","America/Sao_Paulo","","","","","","","","","","",""
"Inabra","Open PvP","Yellow","46000","75100","44010","24400","3519138175","1051547500","225","200","2026-10-02T00:26:59.470","bb359ac125026bcd5636d5cde1c779d893f5fd7e4ad5cd6f254825e8fa07b26e","offers","2026-10-02T03:26:59.470Z","2026-10-02","America/Sao_Paulo","","","","","","","","","","",""
"Issobra","Optional PvP","Green","44749","49900","43500","84825","2257615550","3674329825","25325","8600","2026-10-02T00:27:12.721","0c0d4cf2c4302ee1ef9eeeeb0410415f82b34d34edc44bb4929730ce3b8c6aa8","offers","2026-10-02T03:27:12.721Z","2026-10-02","America/Sao_Paulo","","","","","","","","","","",""
"Kalanta","Optional PvP","Green","46398","18975","43071","30175","891012175","1282466825","75","3150","2026-10-02T00:27:25.135","8a22dd708403ccff5908513491c25cfc3fd123cda50f6c26ea25f6adbdc86016","offers","2026-10-02T03:27:25.135Z","2026-10-02","America/Sao_Paulo","","","","","","","","","","",""
"Kalibra","Optional PvP","Yellow","46299","52950","44501","117175","2519935425","5174807475","2125","24250","2026-10-02T00:27:36.521","08dbff672f80bfe0af7ea8419dcb0164fb616ab6a48f6f430bb9a6d7ea81dd19","offers","2026-10-02T03:27:36.521Z","2026-10-02","America/Sao_Paulo","","","","","","","","","","",""
"Lobera","Open PvP","Yellow","43450","50500","41007","45500","2265390350","1845606375","3225","150","2026-10-02T00:27:49.753","b1dda934d0bb96f3ab5d0079c0d5ede81ed5ccd5370ebe8d537f83cf1f4eb2e2","offers","2026-10-02T03:27:49.753Z","2026-10-02","America/Sao_Paulo","","","","","","","","","","",""
"Nefera","Optional PvP","Yellow","48494","57075","45715","24650","2871425700","1126490925","9975","1400","2026-10-02T00:28:02.855","934f930ca5ceb880695286ef1c941a0f8752d99cfca66c1ec28dfaf3af24b283","offers","2026-10-02T03:28:02.855Z","2026-10-02","America/Sao_Paulo","","","","","","","","","","",""
"Nevia","Optional PvP","Green","44439","40475","43218","202300","1798967300","8715572450","9925","25","2026-10-02T00:28:15.572","da7761c7ba848d6d4c6aa0458c8e2ff5c864ba5bf99e6dc0db2d3a6e1da411dc","offers","2026-10-02T03:28:15.572Z","2026-10-02","America/Sao_Paulo","","","","","","","","","","",""
"Pacera","Optional PvP","Yellow","47800","15075","45511","112075","725653575","5047125925","100","6775","2026-10-02T00:28:29.053","bad73ab233a6ec953323e85f68c005927769b98e29e42e0bf2d1774caafce152","offers","2026-10-02T03:28:29.053Z","2026-10-02","America/Sao_Paulo","","","","","","","","","","",""
"Peloria","Open PvP","Yellow","45489","53650","42501","155750","2445962750","6049106575","700","48675","2026-10-02T00:28:41.538","c709643e0cd47b3eec6aaf443542b1b2d939cb3ef71ec70d157c1834ef278e3b","offers","2026-10-02T03:28:41.538Z","2026-10-02","America/Sao_Paulo","","","","","","","","","","",""
"Secura","Optional PvP","Yellow","47499","132050","46201","95050","6327778725","4388871425","2975","60800","2026-10-02T00:29:08.702","540fdc0ce9d1484a92b7748ec3da78c964094681214ff08ce0f12c5fbc7cf9b3","offers","2026-10-02T03:29:08.702Z","2026-10-02","America/Sao_Paulo","","","","","","","","","","",""
"Serdebra","Open PvP","Yellow","46498","49150","44000","49900","2288426850","2178862875","39400","250","2026-10-02T00:29:22.301","bddc42b2b66894e92787ad3068682ec672027b65c5411dea3956f7d98382b9c2","offers","2026-10-02T03:29:22.301Z","2026-10-02","America/Sao_Paulo","","","","","","","","","","",""
"Talera","Open PvP","Yellow","44283","21700","40501","33000","961200375","1259314275","3725","75","2026-10-02T00:29:33.619","779e61f686adbd7937bcc1d9f1f563f48f10dd7dd900edc8287de2849c767263","offers","2026-10-02T03:29:33.619Z","2026-10-02","America/Sao_Paulo","","","","","","","","","","",""
"Vunira","Open PvP","Yellow","43998","84925","41500","18675","3834117600","773029775","875","125","2026-10-02T00:30:08.920","4554b0c6fb5e7b242e6ab0d19ebf14dd17b5d77101e50c5bc5fb2ea99700908e","offers","2026-10-02T03:30:08.920Z","2026-10-02","America/Sao_Paulo","","","","","","","","","","",""
"Yonabra","Optional PvP","Yellow","47499","67825","46536","64775","3234144575","3006470200","17425","275","2026-10-02T00:30:20.986","a14c2aee7b1c7e14b7421489129667e0e60ff7213bc0a2213544f0cf55740f81","offers","2026-10-02T03:30:20.986Z","2026-10-02","America/Sao_Paulo","","","","","","","","","","",""
"Xybra","Open PvP","Green","44979","675","41701","5575","30368450","225472500","75","325","2026-10-02T00:30:32.186","783ea25a9b3ac904518e9d2c91db121087e89cd75352da2496c7f15ee2616383","offers","2026-10-02T03:30:32.186Z","2026-10-02","America/Sao_Paulo","","","","","","","","","","",""
"Gentebra","Optional PvP","Yellow","47799","79900","46052","65375","3907752550","2985250900","17800","150","2026-10-02T00:36:34.078","b56274df1a38291c98b6c54f85ad1c73e2c718b0564bab376bcef9a3c2fb5f84","offers","2026-10-02T03:36:34.078Z","2026-10-02","America/Sao_Paulo","","","","","","","","","","",""
"Gentebra","Optional PvP","Yellow","","","","","","","","","2026-10-02T00:36:37.332","9e3d8b8271346539fec1639b588cce819901cc980462f83aafa900316923b216","statistics","2026-10-02T03:36:37.332Z","2026-10-02","America/Sao_Paulo","2026-10-01","3396","49985","44155","1","84900","6082","49998","45942","44000","152050"
